NBA,WAS,Washington Wizards
NBA,CHA,Charlotte Hornets
NBA,ATL,Atlanta Hawks
NBA,MIA,Miami Heat
NBA,ORL,Orlando Magic
NBA,NYK,New York Knicks
NBA,PHI,Philadelphia 76ers
NBA,BKN,Brooklyn Nets
NBA,BOS,Boston Celtics
NBA,TOR,Toronto Raptors
NBA,CHI,Chicago Bulls
NBA,CLE,Cleveland Cavaliers
NBA,IND,Indiana Pacers
NBA,DET,Detroit Pistons
NBA,MIL,Milwaukee Bucks
NBA,MIN,Minnesota Timberwolves
NBA,UTA,Utah Jazz
NBA,OKC,Oklahoma City Thunder
NBA,POR,Portland Trail Blazers
NBA,DEN,Denver Nuggets
NBA,MEM,Memphis Grizzlies
NBA,HOU,Houston Rockets
NBA,NOP,New Orleans Pelicans
NBA,SAS,San Antonio Spurs
NBA,DAL,Dallas Mavericks
NBA,GSW,Golden State Warriors
NBA,LAL,Los Angeles Lakers
NBA,LAC,Los Angeles Clippers
NBA,PHX,Phoenix Suns
NBA,SAC,Sacramento Kings
NFL,BUF,Buffalo Bills
NFL,MIA,Miami Dolphins
NFL,NYJ,New York Jets
NFL,NE,New England Patriots
NFL,CIN,Cincinnati Bengals
NFL,CLE,Cleveland Browns
NFL,BAL,Baltimore Ravens
NFL,PIT,Pittsburgh Steelers
NFL,IND,Indianapolis Colts
NFL,JAC,Jacksonville Jaguars
NFL,HOU,Houston Texans
NFL,TEN,Tennessee Titans
NFL,DEN,Denver Broncos
NFL,SD,San Diego Chargers
NFL,KC,Kansas City Chiefs
NFL,OAK,Oakland Raiders
NFL,DAL,Dallas Cowboys
NFL,PHI,Philadelphia Eagles
NFL,NYG,New York Giants
NFL,WAS,Washington Redskins
NFL,CHI,Chicago Bears
NFL,DET,Detroit Lions
NFL,GB,Green Bay Packers
NFL,MIN,Minnesota Vikings
NFL,TB,Tampa Bay Buccaneers
NFL,ATL,Atlanta Falcons
NFL,CAR,Carolina Panthers
NFL,NO,New Orleans Saints
NFL,SF,San Francisco 49ers
NFL,ARI,Arizona Cardinals
NFL,LA,Los Angeles Rams
NFL,SEA,Seattle Seahawks
MLB,TOR,Toronto Blue Jays
MLB,TB,Tampa Bay Rays
MLB,BAL,Baltimore Orioles
MLB,BOS,Boston Red Sox
MLB,NYY,New York Yankees
MLB,KC,Kansas City Royals
MLB,CLE,Cleveland Indians
MLB,CWS,Chicago White Sox
MLB,DET,Detroit Tigers
MLB,MIN,Minnesota Twins
MLB,SEA,Seattle Mariners
MLB,LAA,Los Angeles Angels
MLB,OAK,Oakland Athletics
MLB,TEX,Texas Rangers
MLB,HOU,Houston Astros
MLB,CIN,Cincinnati Reds
MLB,PIT,Pittsburgh Pirates
MLB,CHC,Chicago Cubs
MLB,STL,St. Louis Cardinals
MLB,MIL,Milwaukee Brewers
MLB,LAD,Los Angeles Dodgers
MLB,ARI,Arizona Diamondbacks
MLB,SF,San Francisco Giants
MLB,COL,Colorado Rockies
MLB,SD,San Diego Padres
MLB,PHI,Philadelphia Phillies
MLB,NYM,New York Mets
MLB,MIA,Miami Marlins
MLB,ATL,Atlanta Braves
MLB,WSH,Washington Nationals
NCAA-FB,UCD,UC Davis Aggies
NCAA-FB,NOCO,Northern Colorado Bears
NCAA-FB,IDS,Idaho State Bengals
NCAA-FB,MOS,Montana State Bobcats
NCAA-FB,EW,Eastern Washington Eagles
NCAA-FB,UND,North Dakota Fighting Hawks
NCAA-FB,MONT,Montana Grizzlies
NCAA-FB,CSUS,Sacramento State Hornets
NCAA-FB,NAZ,Northern Arizona Lumberjacks
NCAA-FB,CPS,Cal Poly Mustangs
NCAA-FB,SUT,Southern Utah Thunderbirds
NCAA-FB,PRST,Portland State Vikings
NCAA-FB,WBS,Weber State Wildcats
NCAA-FB,PRES,Presbyterian Blue Hose
NCAA-FB,CCH,Charleston Southern Buccaneers
NCAA-FB,LIB,Liberty Flames
NCAA-FB,MNM,Monmouth Hawks
NCAA-FB,KENN,Kennesaw State Owls
NCAA-FB,GWB,Gardner-Webb Runnin' Bulldogs
NCAA-FB,UMAINE,Maine Black Bears
NCAA-FB,JM,James Madison Dukes
NCAA-FB,DEL,Delaware Fightin Blue Hens
NCAA-FB,ALB,Albany Great Danes
NCAA-FB,ELO,Elon Phoenix
NCAA-FB,RIL,Rhode Island Rams
NCAA-FB,SBK,Stony Brook Seawolves
NCAA-FB,RCH,Richmond Spiders
NCAA-FB,TWN,Towson Tigers
NCAA-FB,WM,William & Mary Tribe
NCAA-FB,NH,New Hampshire Wildcats
NCAA-FB,VIL,Villanova Wildcats
NCAA-FB,CC,Coastal Carolina Chanticleers
NCAA-FB,BRN,Brown Bears
NCAA-FB,DRT,Dartmouth Big Green
NCAA-FB,COR,Cornell Big Red
NCAA-FB,YAL,Yale Bulldogs
NCAA-FB,HAR,Harvard Crimson
NCAA-FB,CMB,Columbia Lions
NCAA-FB,PEN,Pennsylvania Quakers
NCAA-FB,PRI,Princeton Tigers
NCAA-FB,NAT,North Carolina A&T Aggies
NCAA-FB,MGN,Morgan State Bears
NCAA-FB,HOW,Howard Bison
NCAA-FB,SCS,South Carolina State Bulldogs
NCAA-FB,NCC,North Carolina Central Eagles
NCAA-FB,DLS,Delaware State Hornets
NCAA-FB,HAMP,Hampton Pirates
NCAA-FB,FAMU,Florida A&M Rattlers
NCAA-FB,NFS,Norfolk State Spartans
NCAA-FB,SVS,Savannah State Tigers
NCAA-FB,BCU,Bethune-Cookman Wildcats
NCAA-FB,MIZST,Missouri State Bears
NCAA-FB,NDS,North Dakota State Bison
NCAA-FB,SD,South Dakota Coyotes
NCAA-FB,SDS,South Dakota State Jackrabbits
NCAA-FB,WIL,Western Illinois Leathernecks
NCAA-FB,UNI,Northern Iowa Panthers
NCAA-FB,YSU,Youngstown State Penguins
NCAA-FB,ILS,Illinois State Redbirds
NCAA-FB,SIL,Southern Illinois Salukis
NCAA-FB,INDS,Indiana State Sycamores
NCAA-FB,CCSU,Central Connecticut State Blue Devils
NCAA-FB,BRY,Bryant University Bulldogs
NCAA-FB,RM,Robert Morris Colonials
NCAA-FB,DUQ,Duquesne Dukes
NCAA-FB,SCH,Sacred Heart Pioneers
NCAA-FB,STF,St. Francis (PA) Red Flash
NCAA-FB,WAG,Wagner Seahawks
NCAA-FB,EKY,Eastern Kentucky Colonels
NCAA-FB,JVS,Jacksonville State Gamecocks
NCAA-FB,TNT,Tennessee Tech Golden Eagles
NCAA-FB,APY,Austin Peay Governors
NCAA-FB,EIL,Eastern Illinois Panthers
NCAA-FB,MUR,Murray State Racers
NCAA-FB,SEM,Southeast Missouri State Redhawks
NCAA-FB,TNM,Tennessee-Martin Skyhawks
NCAA-FB,TNST,Tennessee State Tigers
NCAA-FB,BUC,Bucknell Bison
NCAA-FB,HC,Holy Cross Crusaders
NCAA-FB,LEI,Lehigh Hawks
NCAA-FB,GTOWN,Georgetown Hoyas
NCAA-FB,LAF,Lafayette Leopards
NCAA-FB,CGT,Colgate Raiders
NCAA-FB,FOR,Fordham Rams
NCAA-FB,BUT,Butler Bulldogs
NCAA-FB,DRA,Drake Bulldogs
NCAA-FB,VAL,Valparaiso Crusaders
NCAA-FB,JAC,Jacksonville Dolphins
NCAA-FB,MOR,Morehead State Eagles
NCAA-FB,CAM,Campbell Fighting Camels
NCAA-FB,DAY,Dayton Flyers
NCAA-FB,STU,Stetson Hatters
NCAA-FB,MST,Marist Red Foxes
NCAA-FB,SDG,San Diego Toreros
NCAA-FB,DAV,Davidson Wildcats
NCAA-FB,MER,Mercer Bears
NCAA-FB,ETSU,East Tennessee State Buccaneers
NCAA-FB,SAM,Samford Bulldogs
NCAA-FB,CIT,Citadel Bulldogs
NCAA-FB,WC,Western Carolina Catamounts
NCAA-FB,VMI,Virginia Military Institute Keydets
NCAA-FB,CHT,Chattanooga Mocs
NCAA-FB,FUR,Furman Paladins
NCAA-FB,WOF,Wofford Terriers
NCAA-FB,SHS,Sam Houston State Bearkats
NCAA-FB,UCA,Central Arkansas Bears
NCAA-FB,IW,Incarnate Word Cardinals
NCAA-FB,LAM,Lamar Cardinals
NCAA-FB,NIC,Nicholls State Colonels
NCAA-FB,MCN,McNeese State Cowboys
NCAA-FB,NWS,Northwestern State Demons
NCAA-FB,HB,Houston Baptist Huskies
NCAA-FB,SEL,Southeastern Louisiana Lions
NCAA-FB,SAU,Stephen F. Austin Lumberjacks
NCAA-FB,ACU,Abilene Christian Wildcats
NCAA-FB,APB,Arkansas-Pine Bluff Golden Lions
NCAA-FB,SU,Southern University Jaguars
NCAA-FB,PRV,Prairie View A&M Panthers
NCAA-FB,GRA,Grambling State Tigers
NCAA-FB,TSO,Texas Southern Tigers
NCAA-FB,ALCST,Alcorn State Braves
NCAA-FB,AAM,Alabama A&M Bulldogs
NCAA-FB,MVS,Mississippi Valley State Delta Devils
NCAA-FB,ALAST,Alabama State Hornets
NCAA-FB,JST,Jackson State Tigers
NCAA-FB,LOU,Louisville Cardinals
NCAA-FB,WF,Wake Forest Demon Deacons
NCAA-FB,BC,Boston College Eagles
NCAA-FB,SYR,Syracuse Orange
NCAA-FB,FSU,Florida State Seminoles
NCAA-FB,CLE,Clemson Tigers
NCAA-FB,NCST,North Carolina State Wolfpack
NCAA-FB,DUK,Duke Blue Devils
NCAA-FB,UVA,Virginia Cavaliers
NCAA-FB,VT,Virginia Tech Hokies
NCAA-FB,MFL,Miami (FL) Hurricanes
NCAA-FB,PIT,Pittsburgh Panthers
NCAA-FB,NC,North Carolina Tar Heels
NCAA-FB,GT,Georgia Tech Yellow Jackets
NCAA-FB,CIN,Cincinnati Bearcats
NCAA-FB,USF,South Florida Bulls
NCAA-FB,UCONN,Connecticut Huskies
NCAA-FB,UCF,UCF Knights
NCAA-FB,TEM,Temple Owls
NCAA-FB,ECU,East Carolina Pirates
NCAA-FB,HOU,Houston Cougars
NCAA-FB,TSA,Tulsa Golden Hurricane
NCAA-FB,TUL,Tulane Green Wave
NCAA-FB,NAV,Navy Midshipmen
NCAA-FB,SMU,Southern Methodist Mustangs
NCAA-FB,MEM,Memphis Tigers
NCAA-FB,BAY,Baylor Bears
NCAA-FB,OKS,Oklahoma State Cowboys
NCAA-FB,ISU,Iowa State Cyclones
NCAA-FB,TCU,TCU Horned Frogs
NCAA-FB,KAN,Kansas Jayhawks
NCAA-FB,TEX,Texas Longhorns
NCAA-FB,WVU,West Virginia Mountaineers
NCAA-FB,TT,Texas Tech Red Raiders
NCAA-FB,OKL,Oklahoma Sooners
NCAA-FB,KST,Kansas State Wildcats
NCAA-FB,OSU,Ohio State Buckeyes
NCAA-FB,IU,Indiana Hoosiers
NCAA-FB,PSU,Penn State Nittany Lions
NCAA-FB,RUT,Rutgers Scarlet Knights
NCAA-FB,MSU,Michigan State Spartans
NCAA-FB,MAR,Maryland Terrapins
NCAA-FB,MICH,Michigan Wolverines
NCAA-FB,WIS,Wisconsin Badgers
NCAA-FB,PUR,Purdue Boilermakers
NCAA-FB,NEB,Nebraska Cornhuskers
NCAA-FB,ILL,Illinois Fighting Illini
NCAA-FB,MIN,Minnesota Golden Gophers
NCAA-FB,IOW,Iowa Hawkeyes
NCAA-FB,NW,Northwestern Wildcats
NCAA-FB,CHA,Charlotte 49ers
NCAA-FB,MTS,Middle Tennessee Blue Raiders
NCAA-FB,FIU,Florida International Golden Panthers
NCAA-FB,WKY,Western Kentucky Hilltoppers
NCAA-FB,ODU,Old Dominion Monarchs
NCAA-FB,FAU,Florida Atlantic Owls
NCAA-FB,MSH,Marshall Thundering Herd
NCAA-FB,LT,Louisiana Tech Bulldogs
NCAA-FB,USM,Southern Miss Golden Eagles
NCAA-FB,NTX,North Texas Mean Green
NCAA-FB,TEP,UTEP Miners
NCAA-FB,RICE,Rice Owls
NCAA-FB,UTSA,UTSA Roadrunners
NCAA-FB,ARM,Army Black Knights
NCAA-FB,BYU,Brigham Young Cougars
NCAA-FB,ND,Notre Dame Fighting Irish
NCAA-FB,UMASS,Massachusetts Minutemen
NCAA-FB,OHI,Ohio Bobcats
NCAA-FB,BUF,Buffalo Bulls
NCAA-FB,BGN,Bowling Green Falcons
NCAA-FB,KNT,Kent State Golden Flashes
NCAA-FB,MOH,Miami (OH) RedHawks
NCAA-FB,AKR,Akron Zips
NCAA-FB,WMC,Western Michigan Broncos
NCAA-FB,BALL,Ball State Cardinals
NCAA-FB,CMC,Central Michigan Chippewas
NCAA-FB,EMC,Eastern Michigan Eagles
NCAA-FB,NIL,Northern Illinois Huskies
NCAA-FB,TOL,Toledo Rockets
NCAA-FB,UTS,Utah State Aggies
NCAA-FB,BOISE,Boise State Broncos
NCAA-FB,WYO,Wyoming Cowboys
NCAA-FB,AF,Air Force Falcons
NCAA-FB,NM,New Mexico Lobos
NCAA-FB,CSU,Colorado State Rams
NCAA-FB,SDSU,San Diego State Aztecs
NCAA-FB,FRE,Fresno State Bulldogs
NCAA-FB,UNLV,UNLV Rebels
NCAA-FB,SJS,San Jose State Spartans
NCAA-FB,HAW,Hawaii Warriors
NCAA-FB,NEV,Nevada Wolf Pack
NCAA-FB,UCLA,UCLA Bruins
NCAA-FB,COL,Colorado Buffaloes
NCAA-FB,ASU,Arizona State Sun Devils
NCAA-FB,USC,USC Trojans
NCAA-FB,UTH,Utah Utes
NCAA-FB,ARI,Arizona Wildcats
NCAA-FB,CAL,California Bears
NCAA-FB,ORS,Oregon State Beavers
NCAA-FB,STA,Stanford Cardinal
NCAA-FB,WST,Washington State Cougars
NCAA-FB,ORE,Oregon Ducks
NCAA-FB,WAS,Washington Huskies
NCAA-FB,TXAM,Texas A&M Aggies
NCAA-FB,MSST,Mississippi State Bulldogs
NCAA-FB,BAMA,Alabama Crimson Tide
NCAA-FB,ARK,Arkansas Razorbacks
NCAA-FB,MIS,Ole Miss Rebels
NCAA-FB,AUB,Auburn Tigers
NCAA-FB,LSU,LSU Tigers
NCAA-FB,UGA,Georgia Bulldogs
NCAA-FB,VAN,Vanderbilt Commodores
NCAA-FB,SC,South Carolina Gamecocks
NCAA-FB,FLA,Florida Gators
NCAA-FB,MIZ,Missouri Tigers
NCAA-FB,TEN,Tennessee Volunteers
NCAA-FB,KEN,Kentucky Wildcats
NCAA-FB,NMS,New Mexico State Aggies
NCAA-FB,TXST,Texas State Bobcats
NCAA-FB,GSO,Georgia Southern Eagles
NCAA-FB,SAB,South Alabama Jaguars
NCAA-FB,APP,Appalachian State Mountaineers
NCAA-FB,GST,Georgia State Panthers
NCAA-FB,ULL,Louisiana-Lafayette Ragin' Cajuns
NCAA-FB,ARKS,Arkansas State Red Wolves
NCAA-FB,TRY,Troy Trojans
NCAA-FB,IDA,Idaho Vandals
NCAA-FB,ULM,Louisiana-Monroe Warhawks
NCAA-MB,CBAP,Champion Baptist Tigers
NCAA-MB,RYER,Ryerson Rams
NCAA-MB,MU,McGill University Redmen
NCAA-MB,YORK,York College (NE) Panthers
NCAA-MB,MCPH,McPherson Bulldogs
NCAA-MB,OU,Ottawa University Braves
NCAA-MB,TAB,Tabor College Bluejays
NCAA-MB,STAU,St. Ambrose Fighting Bees
NCAA-MB,VIT,Viterbo Hawks
NCAA-MB,CMPB,Campbellsville Tigers
NCAA-MB,SCC,Saint Catharine Patriots
NCAA-MB,SK,Saint Katherine Firebirds
NCAA-MB,BRIS,Bristol Bears
NCAA-MB,PERU,Peru State Bobcats
NCAA-MB,AVU,Avila Eagles
NCAA-MB,BAK,Baker Wildcats
NCAA-MB,CEME,Central Methodist Eagles
NCAA-MB,MVC,Missouri Valley Vikings
NCAA-MB,GU,Graceland Yellow Jackets
NCAA-MB,OCU,Ohio Christian Trailblazers
NCAA-MB,TC,Tougaloo Bulldogs
NCAA-MB,EWC,Edward Waters Tigers
NCAA-MB,DILL,Dillard Bleu Devils
NCAA-MB,XULA,Xavier University of Louisiana Gold Rush
NCAA-MB,SUNO,Southern University at New Orleans Knights
NCAA-MB,VOOR,Voorhees Tigers
NCAA-MB,ASBY,Asbury Eagles
NCAA-MB,BRES,Brescia Bearcats
NCAA-MB,IUK,Indiana-Kokomo Cougars
NCAA-MB,RIO,Rio Grande Red Storm
NCAA-MB,CCU,Cincinnati Christian Eagles
NCAA-MB,ALC,Alice Lloyd Eagles
NCAA-MB,TRUE,Truett-McConnell Bears
NCAA-MB,UNIC,Union (KY) Bulldogs
NCAA-MB,TNW,Tennessee Wesleyan Bulldogs
NCAA-MB,STAN,St. Andrews Knights
NCAA-MB,PU,Point University Skyhawks
NCAA-MB,REIN,Reinhardt Eagles
NCAA-MB,MONT,Montreat Cavaliers
NCAA-MB,BLUE,Bluefield Rams
NCAA-MB,MILL,Milligan Buffaloes
NCAA-MB,GC,Goshen College Maple Leafs
NCAA-MB,TAY,Taylor Trojans
NCAA-MB,MVNU,Mount Vernon Nazarene Cougars
NCAA-MB,GRCE,Grace College Lancers
NCAA-MB,MARI,Marian (IN) Knights
NCAA-MB,PNC,Purdue North Central Panthers
NCAA-MB,TICC,Trinity (IL) Christian College Trolls
NCAA-MB,IUSB,Indiana University South Bend Titans
NCAA-MB,JUDS,Judson Eagles
NCAA-MB,PUC,Purdue-Calumet Peregrines
NCAA-MB,SXU,St. Xavier University Cougars
NCAA-MB,ROOS,Roosevelt Lakers
NCAA-MB,SFIL,St. Francis (IL) Fighting Saints
NCAA-MB,ONAZ,Olivet Nazarene Tigers
NCAA-MB,TIU,Trinity International University Trojans
NCAA-MB,ILLT,Illinois Tech Scarlet Hawks
NCAA-MB,BAC,Bacone Warriors
NCAA-MB,JARV,Jarvis Christian Bulldogs
NCAA-MB,HTU,Huston-Tillotson Rams
NCAA-MB,OLLU,Our Lady of the Lake Saints
NCAA-MB,USW,University of the Southwest Mustangs
NCAA-MB,WC,Wiley Wildcats
NCAA-MB,STTX,St. Thomas (TX) Celts
NCAA-MB,PQC,Paul Quinn College Tigers
NCAA-MB,LSUA,LSU-Alexandria Generals
NCAA-MB,TC,Texas College Steers
NCAA-MB,LSUS,LSU-Shreveport Pilots
NCAA-MB,LANG,Langston Lions
NCAA-MB,NU,Northwest University Eagles
NCAA-MB,OTEC,Oregon Tech Hustlin' Owls
NCAA-MB,SOU,Southern Oregon Raiders
NCAA-MB,COI,College of Idaho Coyotes
NCAA-MB,CUOR,Concordia (OR) Cavaliers
NCAA-MB,NCU,Northwest Christian Beacons
NCAA-MB,EOU,Eastern Oregon Mountaineers
NCAA-MB,CORB,Corban University Warriors
NCAA-MB,MULT,Multnomah Lions
NCAA-MB,ESC,Evergreen State Geoducks
NCAA-MB,DOAN,Doane Tigers
NCAA-MB,SIH,Siena Heights Saints
NCAA-MB,LOUR,Lourdes Gray Wolves
NCAA-MB,NWOH,Northwestern Ohio Racers
NCAA-MB,MU,Madonna Crusaders
NCAA-MB,AQC,Aquinas College Saints
NCAA-MB,MC,Marygrove Mustangs
NCAA-MB,MI-D,Michigan-Dearborn Wolverines
NCAA-MB,CUMI,Concordia (MI) Cardinals
NCAA-MB,INTC,Indiana Tech Warriors
NCAA-MB,AVE,Ave Maria Gyrenes
NCAA-MB,THOM,Thomas (GA) Night Hawks
NCAA-MB,SE,Southeastern Fire
NCAA-MB,WARN,Warner Royals
NCAA-MB,WIU,Webber International Warriors
NCAA-MB,FMU,Florida Memorial Fighting Lions
NCAA-MB,WC,Waldorf Warriors
NCAA-MB,HASK,Haskell Indians
NCAA-MB,CBC,Central Baptist College Mustangs
NCAA-MB,WFU,Wilberforce Bulldogs
NCAA-MB,KCU,Kentucky Christian Knights
NCAA-MB,FISH,Fisher Falcons
NCAA-MB,WALL,Walla Walla Wolves
NCAA-MB,FISK,Fisk Tigers
NCAA-MB,ALLN,Allen Fighting Yellow Jackets
NCAA-MB,NNMX,Northern New Mexico Eagles
NCAA-MB,IUN,Indiana-Northwest Redhawks
NCAA-MB,WVT,West Virginia Tech Golden Bears
NCAA-MB,MSU,Mayville State Comets
NCAA-MB,DSU,Dickinson State Blue Hawks
NCAA-MB,PC,Presentation College Saints
NCAA-MB,VCSU,Valley City State Vikings
NCAA-MB,DAKS,Dakota State Trojans
NCAA-MB,MAR,Martin Methodist Redhawks
NCAA-MB,FAUL,Faulkner Eagles
NCAA-MB,BETH,Bethel (TN) Wildcats
NCAA-MB,AUM,Auburn-Montgomery Warhawks
NCAA-MB,WCU,William Carey Crusaders
NCAA-MB,UM,Mobile Rams
NCAA-MB,DSC,Dalton State Roadrunners
NCAA-MB,CG,Coastal Georgia Mariners
NCAA-MB,BLMT,Blue Mountain Toppers
NCAA-MB,LUNO,Loyola (NO) Wolfpack
NCAA-MB,BPC,Brewton-Parker College Barons
NCAA-MB,BELH,Belhaven Blazers
NCAA-MB,LAS,La Sierra Golden Eagles
NCAA-MB,UAV,University of Antelope Valley Pioneers
NCAA-MB,SIMP,Simpson University Red Hawks
NCAA-MB,CMA,California Maritime Academy Keelhaulers
NCAA-MB,BENU,Benedictine at Mesa Redhawks
NCAA-MB,PUC,Pacific Union College Pioneers
NCAA-MB,MEN,Menlo Oaks
NCAA-MB,UCM,UC Merced Bobcats
NCAA-MB,WJ,William Jessup Warriors
NCAA-MB,VU,Vanguard Lions
NCAA-MB,MAST,Master's Mustangs
NCAA-MB,ACU,Arizona Christian Firestorm
NCAA-MB,SDCC,San Diego Christian Hawks
NCAA-MB,BIOL,Biola Eagles
NCAA-MB,HIU,Hope International Royals
NCAA-MB,HSS,Harris-Stowe State Hornets
NCAA-MB,LC,Lyon College Scots
NCAA-MB,WBC,Williams Baptist Eagles
NCAA-MB,WWU,William Woods Owls
NCAA-MB,HLU,Hannibal-LaGrange University Trojans
NCAA-MB,JWU,Johnson & Wales (CO) Wildcats
NCAA-MB,NWIC,Northwest Indian College Eagles
NCAA-MB,CCMT,Carroll College Fighting Saints
NCAA-MB,UMW,Montana-Western Bulldogs
NCAA-MB,LEW,Lewis-Clark State Warriors
NCAA-MB,WEST,Westminster (UT) Griffins
NCAA-MB,RMC,Rocky Mountain College Battlin' Bears
NCAA-MB,MSUN,Montana State Northern Skylights
NCAA-MB,UGF,Great Falls Argos
NCAA-MB,MT,Montana Tech Orediggers
NCAA-MB,TWU,Texas Wesleyan Rams
NCAA-MB,JBU,John Brown Golden Eagles
NCAA-MB,WAYB,Wayland Baptist Pioneers
NCAA-MB,SWAU,Southwestern Adventist Knights
NCAA-MB,OPENB,Open Bible College Bruins
NCAA-MB,WCBC,West Coast Baptist Eagles
NCAA-MB,BARB,Barber-Scotia Sabers
NCAA-MB,SELM,Selma Bulldogs
NCAA-MB,WW,Warren Wilson Owls
NCAA-MB,IWES,Iowa Wesleyan Tigers
NCAA-MB,CPEN,Central Penn College Knights
NCAA-MB,SLC,Silver Lake College Lakers
NCAA-MB,SNY,St. Joseph's (BKN) Bears
NCAA-MB,OMW,Ohio Mid-Western  Rams
NCAA-MB,CINC,Cincinnati Clermont Cougars
NCAA-MB,RMUS,Robert Morris-Springfield Eagles
NCAA-MB,WAU,Washington Adventist University Shock
NCAA-MB,ROCH,Rochester College Warriors
NCAA-MB,PACC,Pacifica College Gladiators
NCAA-MB,OAK,Oakwood University Ambassadors
NCAA-MB,VUL,Virginia-Lynchburg Dragons
NCAA-MB,PSMA,Penn State Mont Alto Nittany Lions
NCAA-MB,FLAC,Florida College Falcons
NCAA-MB,MACU,Mid-Atlantic Christian Mustangs
NCAA-MB,TTU,Tennessee Temple Crusaders
NCAA-MB,PSB,Penn State Beaver Nittany Lions
NCAA-MB,CNCA,Concordia (AL) Hornets
NCAA-MB,M-PI,Maine-Presque Isle Owls
NCAA-MB,FNU,Florida National Conquistadors
NCAA-MB,UMFK,Maine-Fort Kent Bengals
NCAA-MB,EWU,East-West Phantoms
NCAA-MB,SVU,Southern Virginia University Knights
NCAA-MB,DC,Dean College Bulldogs
NCAA-MB,JWNC,Johnson & Wales (NC) Wildcats
NCAA-MB,WSSU,Winston-Salem State Rams
NCAA-MB,LC,Livingstone Blue Bears
NCAA-MB,VSU,Virginia State Trojans
NCAA-MB,SU,Shaw Bears
NCAA-MB,SAU,St. Augustine's Falcons
NCAA-MB,ECSU,Elizabeth City State Vikings
NCAA-MB,JCSU,Johnson C. Smith Golden Bulls
NCAA-MB,BWST,Bowie State Bulldogs
NCAA-MB,LU,Lincoln (PA) Lions
NCAA-MB,FSU,Fayetteville State Broncos
NCAA-MB,CHOW,Chowan Hawks
NCAA-MB,VUU,Virginia Union Panthers
NCAA-MB,UWA,West Alabama Tigers
NCAA-MB,LEE,Lee University Flames
NCAA-MB,SU,Shorter Hawks
NCAA-MB,UNA,North Alabama Lions
NCAA-MB,UAH,Alabama Huntsville Chargers
NCAA-MB,VSU,Valdosta State Blazers
NCAA-MB,UWF,West Florida Argonauts
NCAA-MB,UNIO,Union (TN) Bulldogs
NCAA-MB,CBU,Christian Brothers Buccaneers
NCAA-MB,DSU,Delta State Statesmen
NCAA-MB,UWG,West Georgia Wolves
NCAA-MB,MSC,Mississippi College Choctaws
NCAA-MB,LPC,Life Pacific College Warriors
NCAA-MB,PIU,Piedmont International Bruins
NCAA-MB,BC,Boyce College Bulldogs
NCAA-MB,JOHN,Johnson (FL) Suns
NCAA-MB,UVF,Valley Forge Patriots
NCAA-MB,NEWH,New Hope Christian College Deacons
NCAA-MB,OVU,Ohio Valley Fighting Scots
NCAA-MB,CEDV,Cedarville Yellow Jackets
NCAA-MB,KY-W,Kentucky Wesleyan Panthers
NCAA-MB,CUMB,Cumberland Bulldogs
NCAA-MB,SIU,Salem International Tigers
NCAA-MB,TNU,Trevecca Nazarene Trojans
NCAA-MB,ABU,Alderson-Broaddus Battlers
NCAA-MB,DEC,Davis & Elkins Senators
NCAA-MB,GC,Georgetown College Tigers
NCAA-MB,CSU,Central State Marauders
NCAA-MB,CSLA,Cal State L.A. Golden Eagles
NCAA-MB,CSEB,Cal State East Bay Pioneers
NCAA-MB,CPP,Cal Poly Pomona Broncos
NCAA-MB,UCSD,UC San Diego Tritons
NCAA-MB,SFSU,San Francisco State Gators
NCAA-MB,CSUSB,Cal State San Bernardino Coyotes
NCAA-MB,SNST,Sonoma State Seawolves
NCAA-MB,CSUDH,Cal State Dominguez Hills Toros
NCAA-MB,HSU,Humboldt State Jacks
NCAA-MB,CSUMB,Cal State Monterey Bay Otters
NCAA-MB,CSUS,Cal State Stanislaus Warriors
NCAA-MB,CSU,Chico State Wildcats
NCAA-MB,SOWU,Southern Wesleyan Warriors
NCAA-MB,NGU,North Greenville Crusaders
NCAA-MB,BAC,Belmont Abbey Crusaders
NCAA-MB,ERSK,Erskine Flying Fleet
NCAA-MB,LC,Limestone Saints
NCAA-MB,KU,King Tornado
NCAA-MB,PU,Pfeiffer Falcons
NCAA-MB,MOC,Mount Olive Trojans
NCAA-MB,LMC,Lees-McRae Bobcats
NCAA-MB,BC,Barton Bulldogs
NCAA-MB,EMC,Emmanuel College Lions
NCAA-MB,SJC,Saint Joseph's (IN) Pumas
NCAA-MB,DU,Drury Panthers
NCAA-MB,UIS,Illinois Springfield Prairie Stars
NCAA-MB,BU,Bellarmine Knights
NCAA-MB,MU,McKendree Bearcats
NCAA-MB,UMSL,Missouri-St. Louis Tritons
NCAA-MB,MZST,Missouri S&T Miners
NCAA-MB,LU,Lewis Flyers
NCAA-MB,USI,Southern Indiana Screaming Eagles
NCAA-MB,WJC,William Jewell Cardinals
NCAA-MB,UWP,UW-Parkside Rangers
NCAA-MB,TSU,Truman State Bulldogs
NCAA-MB,QU,Quincy Hawks
NCAA-MB,IND,Indianapolis Greyhounds
NCAA-MB,ROCK,Rockhurst Hawks
NCAA-MB,MARY,Maryville Saints
NCAA-MB,LRU,Lenoir-Rhyne Bears
NCAA-MB,TC,Tusculum Pioneers
NCAA-MB,MHC,Mars Hill Lions
NCAA-MB,WU,Wingate Bulldogs
NCAA-MB,LMU,Lincoln Memorial Railsplitters
NCAA-MB,COKE,Coker Cobras
NCAA-MB,NC,Newberry Wolves
NCAA-MB,QU,Queens (NC) Royals
NCAA-MB,CN,Carson-Newman Eagles
NCAA-MB,CC,Catawba Indians
NCAA-MB,BVC,Brevard College Tornados
NCAA-MB,AU,Anderson (SC) Trojans
NCAA-MB,FHSU,Fort Hays State Tigers
NCAA-MB,UNK,Nebraska Kearney Lopers
NCAA-MB,LU,Lindenwood Lions
NCAA-MB,LCLN,Lincoln Tigers
NCAA-MB,MSSU,Missouri Southern Lions
NCAA-MB,NMSU,Northwest Missouri Bearcats
NCAA-MB,UCM,Central Missouri Mules
NCAA-MB,WU,Washburn Ichabods
NCAA-MB,SBU,Southwest Baptist Bearcats
NCAA-MB,PSU,Pittsburg State Gorillas
NCAA-MB,MWU,Missouri Western Griffons
NCAA-MB,UCO,Central Oklahoma Bronchos
NCAA-MB,NSU,Northeastern State Riverhawks
NCAA-MB,ESU,Emporia State Hornets
NCAA-MB,KSU,Kentucky State Thorobreds
NCAA-MB,TUSK,Tuskegee Golden Tigers
NCAA-MB,ALBS,Albany State Golden Rams
NCAA-MB,FVSU,Fort Valley State Wildcats
NCAA-MB,LOC,LeMoyne-Owen Magicians
NCAA-MB,STIL,Stillman Tigers
NCAA-MB,BC,Benedict Tigers
NCAA-MB,MC,Morehouse Maroon Tigers
NCAA-MB,CU,Claflin Panthers
NCAA-MB,LC,Lane Dragons
NCAA-MB,SH,Spring Hill Badgers
NCAA-MB,CAU,Clark Atlanta Panthers
NCAA-MB,MILES,Miles Golden Bears
NCAA-MB,PC,Paine Lions
NCAA-MB,MSUM,MSU Moorhead Dragons
NCAA-MB,UMD,Minnesota Duluth Bulldogs
NCAA-MB,SCSU,St. Cloud State Huskies
NCAA-MB,CUSP,Concordia-St. Paul Golden Bears
NCAA-MB,UIU,Upper Iowa Peacocks
NCAA-MB,USF,Sioux Falls Cougars
NCAA-MB,WYNST,Wayne State Wildcats
NCAA-MB,MSU,Minot State Beavers
NCAA-MB,SWMN,Southwest Minnesota State Mustangs
NCAA-MB,MNSU,Minnesota State Mavericks
NCAA-MB,AC,Augustana Vikings
NCAA-MB,NSU,Northern State Wolves
NCAA-MB,UM,University of Mary Marauders
NCAA-MB,BSU,Bemidji State Beavers
NCAA-MB,UMC,Minnesota Crookston Golden Eagles
NCAA-MB,WSU,Winona State Warriors
NCAA-MB,NWOOD,Northwood (MI) Timberwolves
NCAA-MB,ODU,Ohio Dominican Panthers
NCAA-MB,LEC,Lake Erie Storm
NCAA-MB,WU,Walsh Cavaliers
NCAA-MB,MTU,Michigan Tech Huskies
NCAA-MB,NMU,Northern Michigan Wildcats
NCAA-MB,LSSU,Lake Superior State Lakers
NCAA-MB,HC,Hillsdale Chargers
NCAA-MB,GVSU,Grand Valley State Lakers
NCAA-MB,UF,Findlay Oilers
NCAA-MB,MU,Malone Pioneers
NCAA-MB,ASHL,Ashland Eagles
NCAA-MB,FSU,Ferris State Bulldogs
NCAA-MB,WSU,Wayne State (MI) Warriors
NCAA-MB,TU,Tiffin Dragons
NCAA-MB,SVSU,Saginaw Valley State Cardinals
NCAA-MB,NOSU,Northwestern Oklahoma State Rangers
NCAA-MB,ATU,Arkansas Tech Wonder Boys
NCAA-MB,OKBU,Oklahoma Baptist Bison
NCAA-MB,ARKM,Arkansas-Monticello Boll Weevils
NCAA-MB,OBU,Ouachita Baptist Tigers
NCAA-MB,SWOSU,Southwestern Oklahoma State Bulldogs
NCAA-MB,SAU,Southern Arkansas Muleriders
NCAA-MB,ECU,East Central Tigers
NCAA-MB,HU,Harding Bison
NCAA-MB,SOSU,Southeastern Oklahoma State Savage Storm
NCAA-MB,SNU,Southern Nazarene Crimson Storm
NCAA-MB,HSU,Henderson State Reddies
NCAA-MB,STAC,St. Thomas Aquinas Spartans
NCAA-MB,RWC,Roberts Wesleyan Redhawks
NCAA-MB,MC,Molloy Lions
NCAA-MB,DC,Dowling Golden Lions
NCAA-MB,MRCY,Mercy Mavericks
NCAA-MB,DAEM,Daemen College Wildcats
NCAA-MB,UDC,District of Columbia Firebirds
NCAA-MB,LIUP,LIU Post Pioneers
NCAA-MB,UB,Bridgeport Purple Knights
NCAA-MB,QC,Queens (NY) Knights
NCAA-MB,NYIT,New York Institute of Technology Bears
NCAA-MB,WOU,Western Oregon Wolves
NCAA-MB,NNU,Northwest Nazarene Crusaders
NCAA-MB,MSUB,Montana State Billings Yellowjackets
NCAA-MB,WWU,Western Washington Vikings
NCAA-MB,SPU,Seattle Pacific Falcons
NCAA-MB,SFU,Simon Fraser Clan
NCAA-MB,AK-F,Alaska Fairbanks Nanooks
NCAA-MB,CWU,Central Washington Wildcats
NCAA-MB,UAA,Alaska Anchorage Seawolves
NCAA-MB,SMU,Saint Martin's Saints
NCAA-MB,ASU,Angelo State Rams
NCAA-MB,CU,Cameron Aggies
NCAA-MB,MSU,Midwestern State Mustangs
NCAA-MB,WTAMU,West Texas A&M Buffalos
NCAA-MB,TSU,Tarleton State Texans
NCAA-MB,ENMU,Eastern New Mexico Greyhounds
NCAA-MB,TAMK,Texas A&M-Kingsville Javelinas
NCAA-MB,TAMC,Texas A&M-Commerce Lions
NCAA-MB,OCU,Oklahoma Christian Eagles
NCAA-MB,OPSU,Oklahoma Panhandle State Aggies
NCAA-MB,SEU,St. Edwards Hilltoppers
NCAA-MB,RSU,Rogers State Hillcats
NCAA-MB,UTPB,Texas-Permian Basin Falcons
NCAA-MB,TAMI,Texas A&M International Dustdevils
NCAA-MB,DBU,Dallas Baptist Patriots
NCAA-MB,NU,Newman Jets
NCAA-MB,STMU,St. Mary's Rattlers
NCAA-MB,UAFS,UA Fort Smith Lions
NCAA-MB,LCU,Lubbock Christian Chaparral
NCAA-MB,EC,Eckerd Tritons
NCAA-MB,FT,Florida Tech Panthers
NCAA-MB,BU,Barry Buccaneers
NCAA-MB,NSU,Nova Southeastern Sharks
NCAA-MB,RC,Rollins Tars
NCAA-MB,LU,Lynn Fighting Knights
NCAA-MB,ERAU,Embry-Riddle Eagles
NCAA-MB,SLU,Saint Leo Lions
NCAA-MB,PBA,Palm Beach Atlantic Sailfish
NCAA-MB,FSC,Florida Southern Mocs
NCAA-MB,UT,Tampa Spartans
NCAA-MB,SCSU,Southern Connecticut State Fighting Owls
NCAA-MB,BU,Bentley Falcons
NCAA-MB,MC,Merrimack Warriors
NCAA-MB,UNH,New Haven Chargers
NCAA-MB,ADEL,Adelphi Panthers
NCAA-MB,SMC,Saint Michael's Purple Knights
NCAA-MB,SC,Stonehill Skyhawks
NCAA-MB,FPU,Franklin Pierce Ravens
NCAA-MB,LMC,Le Moyne Dolphins
NCAA-MB,CSR,Saint Rose Golden Knights
NCAA-MB,SNHU,Southern New Hampshire Penmen
NCAA-MB,SAC,Saint Anselm Hawks
NCAA-MB,AIC,American International Yellow Jackets
NCAA-MB,PU,Pace Setters
NCAA-MB,ASMP,Assumption Greyhounds
NCAA-MB,GBC,Goldey-Beacom Lightning
NCAA-MB,US,University of the Sciences Devils
NCAA-MB,HFU,Holy Family Tigers
NCAA-MB,PHIL,Philadelphia University Rams
NCAA-MB,CC,Caldwell Cougars
NCAA-MB,DC,Dominican (NY) Chargers
NCAA-MB,CNY,Concordia (NY) Clippers
NCAA-MB,NC,Nyack Warriors
NCAA-MB,BC,Bloomfield Bears
NCAA-MB,FC,Felician Golden Falcons
NCAA-MB,WILM,Wilmington Wildcats
NCAA-MB,GCU,Georgian Court Lions
NCAA-MB,CHC,Chestnut Hill Griffins
NCAA-MB,PU,Post Eagles
NCAA-MB,CU,Concord (WV) Mountain Lions
NCAA-MB,SU,Shepherd Rams
NCAA-MB,WVSU,West Virginia State Yellow Jackets
NCAA-MB,FSU,Fairmont State Fighting Falcons
NCAA-MB,WJU,Wheeling Jesuit Cardinals
NCAA-MB,WVW,West Virginia Wesleyan Bobcats
NCAA-MB,NDC,Notre Dame College Falcons
NCAA-MB,UC,Charleston Golden Eagles
NCAA-MB,WLU,West Liberty Hilltoppers
NCAA-MB,URB,Urbana Blue Knights
NCAA-MB,UVAW,Virginia Wise Highland Cavaliers
NCAA-MB,GSC,Glenville State Pioneers
NCAA-MB,CSUP,CSU-Pueblo Thunderwolves
NCAA-MB,FLC,Fort Lewis Skyhawks
NCAA-MB,RU,Regis Rangers
NCAA-MB,METS,Metro State Roadrunners
NCAA-MB,SDSMT,South Dakota School of Mines Hardrockers
NCAA-MB,CMU,Colorado Mesa Mavericks
NCAA-MB,CM,Colorado Mines Orediggers
NCAA-MB,NMHU,New Mexico Highlands Cowboys
NCAA-MB,BHSU,Black Hills State Yellow Jackets
NCAA-MB,CSU,Chadron State Eagles
NCAA-MB,ADAM,Adams State Grizzlies
NCAA-MB,WNMU,Western New Mexico Mustangs
NCAA-MB,CCU,Colorado Christian Cougars
NCAA-MB,WSC,Western State Mountaineers
NCAA-MB,UCCS,UC-Colorado Springs Mountain Lions
NCAA-MB,OAKC,Oakland City Mighty Oaks
NCAA-MB,BLST,Bluefield State Blues
NCAA-MB,ESU,East Stroudsburg Warriors
NCAA-MB,SU,Shippensburg Raiders
NCAA-MB,BU,Bloomsburg Huskies
NCAA-MB,CHEY,Cheyney Wolves
NCAA-MB,KU,Kutztown Golden Bears
NCAA-MB,MILL,Millersville Marauders
NCAA-MB,IUP,IUP Crimson Hawks
NCAA-MB,MU,Mansfield Mountaineers
NCAA-MB,WCU,West Chester Golden Rams
NCAA-MB,EU,Edinboro Fighting Scots
NCAA-MB,CU,Clarion Golden Eagles
NCAA-MB,GU,Gannon Golden Knights
NCAA-MB,LHU,Lock Haven Bald Eagles
NCAA-MB,SHU,Seton Hill Griffins
NCAA-MB,UPJ,Pitt-Johnstown Mountain Cats
NCAA-MB,MHU,Mercyhurst Lakers
NCAA-MB,SRU,Slippery Rock The Rock
NCAA-MB,CUP,California (PA) Vulcans
NCAA-MB,FC,Flagler Saints
NCAA-MB,UNCP,UNC Pembroke Braves
NCAA-MB,GC,Georgia College Bobcats
NCAA-MB,UM,Montevallo Falcons
NCAA-MB,FMU,Francis Marion Patriots
NCAA-MB,CLMBST,Columbus State Cougars
NCAA-MB,GSW,Georgia Southwestern Hurricanes
NCAA-MB,YHC,Young Harris Mountain Lions
NCAA-MB,USCA,USC Aiken Pacers
NCAA-MB,LU,Lander Bearcats
NCAA-MB,ASU,Armstrong State Pirates
NCAA-MB,CSU,Clayton State Lakers
NCAA-MB,GRUA,GRU Augusta Jaguars
NCAA-MB,UNG,North Georgia Nighthawks
NCAA-MB,HNU,Holy Names Hawks
NCAA-MB,FPU,Fresno Pacific Sunbirds
NCAA-MB,APU,Azusa Pacific Cougars
NCAA-MB,BYUH,BYU-Hawaii Seasiders
NCAA-MB,UCD,Dominican (CA) Penguins
NCAA-MB,UHH,Hawaii Hilo Vulcans
NCAA-MB,CBU,California Baptist Lancers
NCAA-MB,PLNU,Point Loma Sea Lions
NCAA-MB,NDNU,Notre Dame de Namur Argonauts
NCAA-MB,DSU,Dixie State Trailblazers
NCAA-MB,HPU,Hawaii Pacific Sharks
NCAA-MB,CHA,Chaminade University Silverswords
NCAA-MB,AAU,Academy of Art Urban Knights
NCAA-MB,UTAH,Utah Utes
NCAA-MB,ORE,Oregon Ducks
NCAA-MB,WSU,Washington State Cougars
NCAA-MB,USC,USC Trojans
NCAA-MB,ORST,Oregon State Beavers
NCAA-MB,STAN,Stanford Cardinal
NCAA-MB,ARIZ,Arizona Wildcats
NCAA-MB,COLO,Colorado Buffaloes
NCAA-MB,CAL,California Golden Bears
NCAA-MB,ASU,Arizona State Sun Devils
NCAA-MB,WASH,Washington Huskies
NCAA-MB,UCLA,UCLA Bruins
NCAA-MB,JVST,Jacksonville State Gamecocks
NCAA-MB,EIU,Eastern Illinois Panthers
NCAA-MB,SEMO,Southeast Missouri State Redhawks
NCAA-MB,MURR,Murray State Racers
NCAA-MB,TNST,Tennessee State Tigers
NCAA-MB,UTM,Tennessee-Martin Skyhawks
NCAA-MB,BEL,Belmont Bruins
NCAA-MB,PEAY,Austin Peay Governors
NCAA-MB,MORE,Morehead State Eagles
NCAA-MB,SIUE,SIU-Edwardsville Cougars
NCAA-MB,EKY,Eastern Kentucky Colonels
NCAA-MB,TNTC,Tennessee Tech Golden Eagles
NCAA-MB,INST,Indiana State Sycamores
NCAA-MB,UNI,Northern Iowa Panthers
NCAA-MB,ILST,Illinois State Redbirds
NCAA-MB,L-IL,Loyola (IL) Ramblers
NCAA-MB,SIU,Southern Illinois Salukis
NCAA-MB,DRKE,Drake Bulldogs
NCAA-MB,BRAD,Bradley Braves
NCAA-MB,MOSU,Missouri State Bears
NCAA-MB,EVAN,Evansville Aces
NCAA-MB,WICH,Wichita State Shockers
NCAA-MB,ISU,Iowa State Cyclones
NCAA-MB,TEX,Texas Longhorns
NCAA-MB,OKST,Oklahoma State Cowboys
NCAA-MB,OKLA,Oklahoma Sooners
NCAA-MB,KSU,Kansas State Wildcats
NCAA-MB,BAY,Baylor Bears
NCAA-MB,WVU,West Virginia Mountaineers
NCAA-MB,TCU,TCU Horned Frogs
NCAA-MB,TTU,Texas Tech Red Raiders
NCAA-MB,KU,Kansas Jayhawks
NCAA-MB,UALR,Arkansas-Little Rock Trojans
NCAA-MB,USA,South Alabama Jaguars
NCAA-MB,ULM,Louisiana-Monroe Warhawks
NCAA-MB,TXST,Texas State Bobcats
NCAA-MB,CCAR,Coastal Carolina Chanticleers
NCAA-MB,TROY,Troy Trojans
NCAA-MB,ULL,Louisiana-Lafayette Ragin' Cajuns
NCAA-MB,GASO,Georgia Southern Eagles
NCAA-MB,UTA,Texas-Arlington Mavericks
NCAA-MB,APP,Appalachian State Mountaineers
NCAA-MB,GAST,Georgia State Panthers
NCAA-MB,ARST,Arkansas State Red Wolves
NCAA-MB,NAU,Northern Arizona Lumberjacks
NCAA-MB,SAC,Sacramento State Hornets
NCAA-MB,WEB,Weber State Wildcats
NCAA-MB,EWU,Eastern Washington Eagles
NCAA-MB,IDST,Idaho State Bengals
NCAA-MB,PRST,Portland State Vikings
NCAA-MB,UNCO,Northern Colorado Bears
NCAA-MB,MTST,Montana State Bobcats
NCAA-MB,SUU,Southern Utah Thunderbirds
NCAA-MB,UND,North Dakota Fighting Hawks
NCAA-MB,MONT,Montana Grizzlies
NCAA-MB,IDHO,Idaho Vandals
NCAA-MB,UCF,UCF Knights
NCAA-MB,MEM,Memphis Tigers
NCAA-MB,HOU,Houston Cougars
NCAA-MB,TLSA,Tulsa Golden Hurricane
NCAA-MB,TULN,Tulane Green Wave
NCAA-MB,SMU,SMU Mustangs
NCAA-MB,USF,South Florida Bulls
NCAA-MB,TEM,Temple Owls
NCAA-MB,CIN,Cincinnati Bearcats
NCAA-MB,ECU,East Carolina Pirates
NCAA-MB,CONN,Connecticut Huskies
NCAA-MB,VMI,Virginia Military Keydets
NCAA-MB,CIT,Citadel Bulldogs
NCAA-MB,CHAT,Chattanooga Mocs
NCAA-MB,UNCG,UNC Greensboro Spartans
NCAA-MB,WCU,Western Carolina Catamounts
NCAA-MB,WOF,Wofford Terriers
NCAA-MB,MER,Mercer Bears
NCAA-MB,SAM,Samford Bulldogs
NCAA-MB,FUR,Furman Paladins
NCAA-MB,ETSU,East Tennessee State Buccaneers
NCAA-MB,ORU,Oral Roberts Golden Eagles
NCAA-MB,IPFW,IPFW Mastodons
NCAA-MB,NEOM,Nebraska-Omaha Mavericks
NCAA-MB,SDST,South Dakota State Jackrabbits
NCAA-MB,DEN,Denver Pioneers
NCAA-MB,IUPU,IUPUI Jaguars
NCAA-MB,NDSU,North Dakota State Bison
NCAA-MB,SDAK,South Dakota Coyotes
NCAA-MB,WIU,Western Illinois Leathernecks
NCAA-MB,LBSU,Long Beach State 49ers
NCAA-MB,UCI,UC Irvine Anteaters
NCAA-MB,UCSB,UC Santa Barbara Gauchos
NCAA-MB,CP,Cal Poly Mustangs
NCAA-MB,UCRV,UC Riverside Highlanders
NCAA-MB,UCD,UC Davis Aggies
NCAA-MB,CSF,Cal State Fullerton Titans
NCAA-MB,CSN,Cal State Northridge Matadors
NCAA-MB,HAW,Hawaii Warriors
NCAA-MB,UTEP,UTEP Miners
NCAA-MB,UNT,North Texas Mean Green
NCAA-MB,MTU,Middle Tennessee Blue Raiders
NCAA-MB,MRSH,Marshall Thundering Herd
NCAA-MB,USM,Southern Miss Golden Eagles
NCAA-MB,UAB,UAB Blazers
NCAA-MB,WKU,Western Kentucky Hilltoppers
NCAA-MB,CHAR,Charlotte 49ers
NCAA-MB,LT,Louisiana Tech Bulldogs
NCAA-MB,UTSA,UTSA Roadrunners
NCAA-MB,FIU,Florida International Golden Panthers
NCAA-MB,RICE,Rice Owls
NCAA-MB,FAU,Florida Atlantic Owls
NCAA-MB,ODU,Old Dominion Monarchs
NCAA-MB,CSB,Cal State Bakersfield Roadrunners
NCAA-MB,CHS,Chicago State Cougars
NCAA-MB,UVU,Utah Valley Wolverines
NCAA-MB,NMSU,New Mexico State Aggies
NCAA-MB,SEA,Seattle Redhawks
NCAA-MB,UMKC,UMKC Kangaroos
NCAA-MB,UTRGV,Texas Rio Grande Valley Vaqueros
NCAA-MB,GC,Grand Canyon Antelopes
NCAA-MB,SELA,Southeastern Louisiana Lions
NCAA-MB,SFA,Stephen F. Austin Lumberjacks
NCAA-MB,SHSU,Sam Houston State Bearkats
NCAA-MB,NWST,Northwestern State Demons
NCAA-MB,IW,Incarnate Word Cardinals
NCAA-MB,HBU,Houston Baptist Huskies
NCAA-MB,AC,Abilene Christian Wildcats
NCAA-MB,NICH,Nicholls State Colonels
NCAA-MB,MCNS,McNeese State Cowboys
NCAA-MB,CARK,Central Arkansas Bears
NCAA-MB,UNO,New Orleans Privateers
NCAA-MB,LAM,Lamar Cardinals
NCAA-MB,AMCC,Texas A&M-CC Islanders
NCAA-MB,ARPB,Arkansas-Pine Bluff Golden Lions
NCAA-MB,ALCN,Alcorn State Braves
NCAA-MB,ALST,Alabama State Hornets
NCAA-MB,MVSU,Mississippi Valley State Delta Devils
NCAA-MB,GRAM,Grambling State Tigers
NCAA-MB,PV,Prairie View A&M Panthers
NCAA-MB,AAMU,Alabama A&M Bulldogs
NCAA-MB,SOU,Southern University Jaguars
NCAA-MB,JKST,Jackson State Tigers
NCAA-MB,TXSO,Texas Southern Tigers
NCAA-MB,COOK,Bethune-Cookman Wildcats
NCAA-MB,HAMP,Hampton Pirates
NCAA-MB,HOW,Howard Bison
NCAA-MB,SAV,Savannah State Tigers
NCAA-MB,NCAT,North Carolina A&T Aggies
NCAA-MB,MORG,Morgan State Bears
NCAA-MB,COPP,Coppin State Eagles
NCAA-MB,SCST,South Carolina State Bulldogs
NCAA-MB,NORF,Norfolk State Spartans
NCAA-MB,FAMU,Florida A&M Rattlers
NCAA-MB,UMES,Maryland-Eastern Shore Hawks
NCAA-MB,NCCU,North Carolina Central Eagles
NCAA-MB,DSU,Delaware State Hornets
NCAA-MB,GT,Georgia Tech Yellow Jackets
NCAA-MB,PITT,Pittsburgh Panthers
NCAA-MB,VT,Virginia Tech Hokies
NCAA-MB,BC,Boston College Eagles
NCAA-MB,WAKE,Wake Forest Demon Deacons
NCAA-MB,NCST,North Carolina State Wolfpack
NCAA-MB,UVA,Virginia Cavaliers
NCAA-MB,MIA,Miami (FL) Hurricanes
NCAA-MB,ND,Notre Dame Fighting Irish
NCAA-MB,SYR,Syracuse Orange
NCAA-MB,LOU,Louisville Cardinals
NCAA-MB,FSU,Florida State Seminoles
NCAA-MB,CLEM,Clemson Tigers
NCAA-MB,UNC,North Carolina Tar Heels
NCAA-MB,DUKE,Duke Blue Devils
NCAA-MB,UNF,North Florida Ospreys
NCAA-MB,SCUS,USC Upstate Spartans
NCAA-MB,KENN,Kennesaw State Owls
NCAA-MB,STET,Stetson Hatters
NCAA-MB,NJIT,N.J.I.T. Highlanders
NCAA-MB,FGCU,Florida Gulf Coast Eagles
NCAA-MB,LIP,Lipscomb Bisons
NCAA-MB,JAC,Jacksonville Dolphins
NCAA-MB,L-MD,Loyola (MD) Greyhounds
NCAA-MB,AMER,American University Eagles
NCAA-MB,HC,Holy Cross Crusaders
NCAA-MB,NAVY,Navy Midshipmen
NCAA-MB,LEH,Lehigh Mountain Hawks
NCAA-MB,LAF,Lafayette Leopards
NCAA-MB,ARMY,Army Black Knights
NCAA-MB,COLG,Colgate Raiders
NCAA-MB,BUCK,Bucknell Bison
NCAA-MB,BU,Boston University Terriers
NCAA-MB,LIB,Liberty Flames
NCAA-MB,LONG,Longwood Lancers
NCAA-MB,CAMP,Campbell Fighting Camels
NCAA-MB,WEBB,Gardner-Webb Runnin' Bulldogs
NCAA-MB,HP,High Point Panthers
NCAA-MB,CHSO,Charleston Southern Buccaneers
NCAA-MB,UNCA,UNC Asheville Bulldogs
NCAA-MB,PRE,Presbyterian Blue Hose
NCAA-MB,WIN,Winthrop Eagles
NCAA-MB,RAD,Radford Highlanders
NCAA-MB,DET,Detroit Titans
NCAA-MB,MILW,Milwaukee Panthers
NCAA-MB,GB,Green Bay Phoenix
NCAA-MB,WRST,Wright State Raiders
NCAA-MB,NKU,Northern Kentucky Norse
NCAA-MB,OAK,Oakland Golden Grizzlies
NCAA-MB,YSU,Youngstown State Penguins
NCAA-MB,VALP,Valparaiso Crusaders
NCAA-MB,UIC,Illinois-Chicago Flames
NCAA-MB,CLEV,Cleveland State Vikings
NCAA-MB,CSU,Colorado State Rams
NCAA-MB,UNM,New Mexico Lobos
NCAA-MB,SJSU,San Jose State Spartans
NCAA-MB,NEV,Nevada Wolf Pack
NCAA-MB,UNLV,UNLV Rebels
NCAA-MB,USU,Utah State Aggies
NCAA-MB,WYO,Wyoming Cowboys
NCAA-MB,AFA,Air Force Falcons
NCAA-MB,BSU,Boise State Broncos
NCAA-MB,FRES,Fresno State Bulldogs
NCAA-MB,SDSU,San Diego State Aztecs
NCAA-MB,AUB,Auburn Tigers
NCAA-MB,SCAR,South Carolina Gamecocks
NCAA-MB,UK,Kentucky Wildcats
NCAA-MB,UGA,Georgia Bulldogs
NCAA-MB,LSU,LSU Tigers
NCAA-MB,VAN,Vanderbilt Commodores
NCAA-MB,MIZZ,Missouri Tigers
NCAA-MB,FLA,Florida Gators
NCAA-MB,MSST,Mississippi State Bulldogs
NCAA-MB,TENN,Tennessee Volunteers
NCAA-MB,ALA,Alabama Crimson Tide
NCAA-MB,ARK,Arkansas Razorbacks
NCAA-MB,MISS,Ole Miss Rebels
NCAA-MB,TXAM,Texas A&M Aggies
NCAA-MB,M-OH,Miami (OH) RedHawks
NCAA-MB,EMU,Eastern Michigan Eagles
NCAA-MB,BALL,Ball State Cardinals
NCAA-MB,OHIO,Ohio Bobcats
NCAA-MB,TOL,Toledo Rockets
NCAA-MB,KENT,Kent State Golden Flashes
NCAA-MB,NIU,Northern Illinois Huskies
NCAA-MB,CMU,Central Michigan Chippewas
NCAA-MB,AKR,Akron Zips
NCAA-MB,BGSU,Bowling Green Falcons
NCAA-MB,BUFF,Buffalo Bulls
NCAA-MB,WMU,Western Michigan Broncos
NCAA-MB,PUR,Purdue Boilermakers
NCAA-MB,ILL,Illinois Fighting Illini
NCAA-MB,MD,Maryland Terrapins
NCAA-MB,PSU,Penn State Nittany Lions
NCAA-MB,NW,Northwestern Wildcats
NCAA-MB,OSU,Ohio State Buckeyes
NCAA-MB,MSU,Michigan State Spartans
NCAA-MB,RUTG,Rutgers Scarlet Knights
NCAA-MB,MICH,Michigan Wolverines
NCAA-MB,IOWA,Iowa Hawkeyes
NCAA-MB,IND,Indiana Hoosiers
NCAA-MB,WIS,Wisconsin Badgers
NCAA-MB,NEB,Nebraska Cornhuskers
NCAA-MB,MINN,Minnesota Golden Gophers
NCAA-MB,ME,Maine Black Bears
NCAA-MB,UVM,Vermont Catamounts
NCAA-MB,STON,Stony Brook Seawolves
NCAA-MB,ALBY,Albany Great Danes
NCAA-MB,UMBC,UMBC Retrievers
NCAA-MB,MASSL,Massachusetts Lowell River Hawks
NCAA-MB,UNH,New Hampshire Wildcats
NCAA-MB,HART,Hartford Hawks
NCAA-MB,BING,Binghamton Bearcats
NCAA-MB,SHU,Sacred Heart Pioneers
NCAA-MB,WAG,Wagner Seahawks
NCAA-MB,MSM,Mount St. Mary's Mountaineers
NCAA-MB,BRY,Bryant University Bulldogs
NCAA-MB,SFPA,St. Francis (PA) Red Flash
NCAA-MB,RMU,Robert Morris Colonials
NCAA-MB,LIU,LIU Brooklyn Blackbirds
NCAA-MB,CCSU,Central Connecticut State Blue Devils
NCAA-MB,FDU,Fairleigh Dickinson Knights
NCAA-MB,SFNY,St. Francis (BKN) Terriers
NCAA-MB,BRWN,Brown Bears
NCAA-MB,HARV,Harvard Crimson
NCAA-MB,COR,Cornell Big Red
NCAA-MB,YALE,Yale Bulldogs
NCAA-MB,CLMB,Columbia Lions
NCAA-MB,DART,Dartmouth Big Green
NCAA-MB,PENN,Pennsylvania Quakers
NCAA-MB,PRIN,Princeton Tigers
NCAA-MB,DEL,Delaware Fightin Blue Hens
NCAA-MB,HOF,Hofstra Pride
NCAA-MB,JMU,James Madison Dukes
NCAA-MB,TOWS,Towson Tigers
NCAA-MB,COFC,Charleston Cougars
NCAA-MB,ELON,Elon Phoenix
NCAA-MB,NE,Northeastern Huskies
NCAA-MB,WM,William & Mary Tribe
NCAA-MB,UNCW,North Carolina-Wilmington Seahawks
NCAA-MB,DREX,Drexel Dragons
NCAA-MB,PEPP,Pepperdine Waves
NCAA-MB,PORT,Portland Pilots
NCAA-MB,SCU,Santa Clara Broncos
NCAA-MB,GONZ,Gonzaga Bulldogs
NCAA-MB,LMU,Loyola Marymount Lions
NCAA-MB,USD,San Diego Toreros
NCAA-MB,SMC,Saint Mary's Gaels
NCAA-MB,BYU,BYU Cougars
NCAA-MB,PAC,Pacific Tigers
NCAA-MB,SF,San Francisco Dons
NCAA-MB,MARQ,Marquette Golden Eagles
NCAA-MB,XAV,Xavier Musketeers
NCAA-MB,VILL,Villanova Wildcats
NCAA-MB,PROV,Providence Friars
NCAA-MB,CREI,Creighton Bluejays
NCAA-MB,GTWN,Georgetown Hoyas
NCAA-MB,HALL,Seton Hall Pirates
NCAA-MB,BUT,Butler Bulldogs
NCAA-MB,SJU,St. John's Red Storm
NCAA-MB,DEP,DePaul Blue Demons
NCAA-MB,SLU,Saint Louis Billikens
NCAA-MB,SBON,St. Bonaventure Bonnies
NCAA-MB,DAV,Davidson Wildcats
NCAA-MB,DAY,Dayton Flyers
NCAA-MB,FOR,Fordham Rams
NCAA-MB,URI,Rhode Island Rams
NCAA-MB,MASS,Massachusetts Minutemen
NCAA-MB,RICH,Richmond Spiders
NCAA-MB,LAS,La Salle Explorers
NCAA-MB,VCU,Virginia Commonwealth Rams
NCAA-MB,GW,George Washington Colonials
NCAA-MB,GMU,George Mason Patriots
NCAA-MB,JOES,Saint Joseph's (PA) Hawks
NCAA-MB,DUQ,Duquesne Dukes
NCAA-MB,CAN,Canisius Golden Griffins
NCAA-MB,RID,Rider Broncs
NCAA-MB,MRST,Marist Red Foxes
NCAA-MB,IONA,Iona Gaels
NCAA-MB,MONM,Monmouth Hawks
NCAA-MB,QUIN,Quinnipiac Bobcats
NCAA-MB,MAN,Manhattan Jaspers
NCAA-MB,FAIR,Fairfield Stags
NCAA-MB,SIE,Siena Saints
NCAA-MB,SPC,St. Peter's Peacocks
NCAA-MB,NIAG,Niagara Purple Eagles
NCAA-MB,URS,Ursinus Bears
NCAA-MB,WC,Washington College (MD) Shoremen
NCAA-MB,HAV,Haverford Fords
NCAA-MB,USMMA,United States Merchant Marine Academy Mariners
NCAA-MB,MC,Moravian College Greyhounds
NCAA-MB,CATH,Catholic University Cardinals
NCAA-MB,GOUC,Goucher Gophers
NCAA-MB,SUSQ,Susquehanna University Crusaders
NCAA-MB,AND,Anderson (IN) Ravens
NCAA-MB,EARL,Earlham Quakers
NCAA-MB,DEFC,Defiance College Yellow Jackets
NCAA-MB,TUP,Transylvania University Pioneers
NCAA-MB,MNCH,Manchester Spartans
NCAA-MB,MSJ,Mount St. Joseph Lions
NCAA-MB,BLUF,Bluffton Beavers
NCAA-MB,FDUF,FDU-Florham Devils
NCAA-MB,NEW,Newbury College Nighthawks
NCAA-MB,MSMC,Mount St. Mary (NY) Knights
NCAA-MB,WORC,Worcester State Lancers
NCAA-MB,GWYN,Gwynedd-Mercy Griffins
NCAA-MB,SU,Summit University Defenders
NCAA-MB,KEY,Keystone College Giants
NCAA-MB,IMM,Immaculata Mighty Macs
NCAA-MB,MU,Marywood Pacers
NCAA-MB,CU,Cabrini Cavaliers
NCAA-MB,CENT,Centenary Cyclones
NCAA-MB,HC,Hood College Blazers
NCAA-MB,EAST,Eastern University Eagles
NCAA-MB,WIDE,Widener Pride
NCAA-MB,LV,Lebanon Valley Flying Dutchmen
NCAA-MB,MESS,Messiah College Falcons
NCAA-MB,MC,Manhattanville College Valiants
NCAA-MB,OU,Oglethorpe Stormy Petrels
NCAA-MB,BER,Berry Vikings
NCAA-MB,HEND,Hendrix Warriors
NCAA-MB,SEW,Sewanee Tigers
NCAA-MB,MILL,Millsaps Majors
NCAA-MB,RHOC,Rhodes College Lynx
NCAA-MB,MUSK,Muskingum Fighting Muskies
NCAA-MB,CAP,Capital University Crusaders
NCAA-MB,ONU,Ohio Northern Polar Bears
NCAA-MB,HEID,Heidelberg Student Princes
NCAA-MB,DEN,Denison Big Red
NCAA-MB,WC,Wabash College Little Giants
NCAA-MB,HIRA,Hiram Terriers
NCAA-MB,WIT,Wittenberg Tigers
NCAA-MB,OBER,Oberlin Yeomen
NCAA-MB,KENY,Kenyon College Lords
NCAA-MB,NYOB,SUNY Old Westbury Panthers
NCAA-MB,FARM,Farmingdale State Rams
NCAA-MB,MSTV,College of Mount St. Vincent Dolphins
NCAA-MB,SLC,Sarah Lawrence College Gryphons
NCAA-MB,MEC,Medgar Evers College Cougars
NCAA-MB,BARU,Baruch Bearcats
NCAA-MB,JJC,John Jay College Bloodhounds
NCAA-MB,CCNY,City College of New York Beavers
NCAA-MB,CSI,College of Staten Island Dolphins
NCAA-MB,ALB,Albion Britons
NCAA-MB,KALA,Kalamazoo Hornets
NCAA-MB,OC,Olivet College Comets
NCAA-MB,ADRN,Adrian Bulldogs
NCAA-MB,ALMA,Alma Scots
NCAA-MB,CWR,Case Western Reserve Spartans
NCAA-MB,WNEU,Western New England Golden Bears
NCAA-MB,SALV,Salve Regina Seahawks
NCAA-MB,NICH,Nichols College Bison
NCAA-MB,WIT,Wentworth Institute of Technology Leopards
NCAA-MB,MMOR,Minnesota Morris Cougars
NCAA-MB,UWS,UW-Superior Yellowjackets
NCAA-MB,CC,Crown College Storm
NCAA-MB,NORC,Northland College LumberJacks
NCAA-MB,UOZ,University of the Ozarks Eagles
NCAA-MB,SRSU,Sul Ross State University Lobos
NCAA-MB,LETU,LeTourneau Yellow Jackets
NCAA-MB,MCM,McMurry War Hawks
NCAA-MB,H-S,Hardin-Simmons Cowboys
NCAA-MB,HPU,Howard Payne Yellow Jackets
NCAA-MB,UTT,Texas-Tyler Patriots
NCAA-MB,LC,Louisiana College Wildcats
NCAA-MB,TDC,Texas-Dallas Comets
NCAA-MB,WLCK,Wheelock Wildcats
NCAA-MB,LESL,Lesley Lynx
NCAA-MB,MITCH,Mitchell College Mariners
NCAA-MB,SVT,Southern Vermont Mountaineers
NCAA-MB,DW,Daniel Webster Eagles
NCAA-MB,STMN,St. Mary's (MN) Cardinals
NCAA-MB,UST,St. Thomas Tommies
NCAA-MB,ONEO,SUNY Oneonta Red Dragons
NCAA-MB,FU,Fontbonne University Griffins
NCAA-MB,EC,Eureka Red Devils
NCAA-MB,GRNV,Greenville Panthers
NCAA-MB,WEST,Westminster (MO) Blue Jays
NCAA-MB,SU,Spalding University Golden Eagles
NCAA-MB,CIT,California Institute of Technology Beavers
NCAA-MB,LAV,La Verne Leopards
NCAA-MB,CHAP,Chapman Panthers
NCAA-MB,CLT,Cal Lutheran Kingsmen
NCAA-MB,PP,Pomona Pitzer Sagehens
NCAA-MB,CU,Chatham Cougars
NCAA-MB,TMC,Thomas More (KY) Saints
NCAA-MB,THIE,Thiel Tomcats
NCAA-MB,WM,Westminster (PA) Titans
NCAA-MB,GNV,Geneva Golden Torandoes
NCAA-MB,ROW,Rowan University Profs
NCAA-MB,RUTR,Rutgers University - Newark Raiders
NCAA-MB,KEAN,Kean Cougars
NCAA-MB,FAI,College of Faith Mighty Believers
NCAA-MB,LGRA,LaGrange Panthers
NCAA-MB,MU,Methodist University Monarchs
NCAA-MB,PIE,Piedmont Lions
NCAA-MB,WPU,William Peace Pacers
NCAA-MB,NCW,NC Wesleyan Battling Bishops
NCAA-MB,FERR,Ferrum Panthers
NCAA-MB,AVE,Averett Cougars
NCAA-MB,GRC,Greensboro Pride
NCAA-MB,HOUG,Houghton Highlanders
NCAA-MB,HART,Hartwick College Hawks
NCAA-MB,NC,Nazareth (NY) Golden Flyers
NCAA-MB,UTIC,Utica Pioneers
NCAA-MB,AMAG,Albertus Magnus Falcons
NCAA-MB,JWRI,Johnson & Wales (RI) Wildcats
NCAA-MB,SUFF,Suffolk Rams
NCAA-MB,MIDA,Mount Ida Mustangs
NCAA-MB,PMC,Pine Manor Gators
NCAA-MB,TRIN,Trinity (TX) Tigers
NCAA-MB,CCLA,Centenary College of Louisiana Gentlemen
NCAA-MB,SW,Southwestern (TX) Pirates
NCAA-MB,TLU,Texas Lutheran University Bulldogs
NCAA-MB,CC,Colorado College Tigers
NCAA-MB,SCHR,Schreiner Mountaineers
NCAA-MB,AUS,Austin Kangaroos
NCAA-MB,SCS,Simpson College Storm
NCAA-MB,COE,Coe College Kohawks
NCAA-MB,DUBU,Dubuque Spartans
NCAA-MB,BV,Buena Vista Beavers
NCAA-MB,USCG,US Coast Guard Bears
NCAA-MB,EMC,Emerson College Lions
NCAA-MB,MIT,MIT Engineers
NCAA-MB,RUST,Rust College Bearcats
NCAA-MB,UCSC,UC Santa Cruz Slugs
NCAA-MB,BER,Berea Mountaineers
NCAA-MB,NPU,North Park Vikings
NCAA-MB,ELM,Elmhurst Bluejays
NCAA-MB,UNIN,Union (NY) Dutchmen
NCAA-MB,LCC,Lewis & Clark Pioneers
NCAA-MB,GFU,George Fox Bruins
NCAA-MB,WU,Willamette Bearcats
NCAA-MB,PLUT,Pacific Lutheran Lutes
NCAA-MB,LIN,Linfield College Wildcats
NCAA-MB,PACO,Pacific Oregon Boxers
NCAA-MB,WLEE,Washington & Lee Generals
NCAA-MB,ROA,Roanoke Maroons
NCAA-MB,GC,Guilford Quakers
NCAA-MB,RAND,Randolph Wildcats
NCAA-MB,BWAT,Bridgewater Eagles
NCAA-MB,HSC,Hampden-Sydney College Tigers
NCAA-MB,EMU,Eastern Mennonite Royals
NCAA-MB,EMHE,Emory & Henry Wasps
NCAA-MB,SHEN,Shenandoah Hornets
NCAA-MB,ASP,Alfred State Pioneers
NCAA-MB,MC,Medaille College Mavericks
NCAA-MB,PTBF,Pittsburgh at Bradford Panthers
NCAA-MB,LARO,La Roche Red Hawks
NCAA-MB,BRYN,Bryn Athyn Lions
NCAA-MB,GALL,Gallaudet Bison
NCAA-MB,MSC,Morrisville State College Mustangs
NCAA-MB,KEUK,Keuka Wolfpack
NCAA-MB,LYN,Lyndon State Hornets
NCAA-MB,TC,Thomas (ME) Terriers
NCAA-MB,AUR,Aurora University Spartans
NCAA-MB,MSOE,Milwaukee School of Engineering Raiders
NCAA-MB,SMCM,St. Mary's College of Maryland Seahawks
NCAA-MB,WC,Wesley (DE) Wolverines
NCAA-MB,FSU,Frostburg State Bobcats
NCAA-MB,UMW,University of Mary Washington Eagles
NCAA-MB,PSH,Penn State Harrisburg Nittany Lions
NCAA-MB,SAL,Salisbury Sea Gulls
NCAA-MB,GBC,Grace Bible College Tigers
NCAA-MB,CAIR,Cairn Highlanders
NCAA-MB,BETH,Bethesda Flames
NCAA-MB,HIW,Hiwassee Tigers
NCAA-MB,COV,Covenant Scots
NCAA-MB,JU,Johnson University Royals
NCAA-MB,PCC,Pensacola Christian Eagles
NCAA-MB,CCC,Clearwater Cougars
NCAA-MB,MGC,Middle Georgia Knights
NCAA-MB,TBC,Trinity Baptist Eagles
NCAA-MB,TFC,Toccoa Falls Eagles
NCAA-MB,TRIN,Trinity (FL) Tigers
NCAA-MB,RU,Randall Saints
NCAA-MB,OHCC,Oak Hills Christian College Wolfpack
NCAA-MB,ABAP,Arlington Baptist Patriots
NCAA-MB,HFWBC,Hillsdale Free Will Baptist College Saints
NCAA-MB,DCC,Dallas Christian Crusaders
NCAA-MB,BOBJ,Bob Jones Bruins
NCAA-MB,CIU,Columbia International Rams
NCAA-MB,SWCU,Southwestern Christian Eagles
NCAA-MB,CRC,Crowley's Ridge Pioneers
NCAA-MB,ECCC,Ecclesia Royals
SOCCER-EU,SWI,Swindon Town
SOCCER-EU,SUN,Sunderland AFC
SOCCER-EU,SHU,Sheffield United
SOCCER-EU,ACC,Accrington Stanley
SOCCER-EU,CRA,Crewe Alexandra FC
SOCCER-EU,CAM,Cambridge United FC
SOCCER-EU,OLD,Oldham Athletic
SOCCER-EU,REA,Reading FC
SOCCER-EU,SOU,Southampton FC
SOCCER-EU,WBA,West Bromwich Albion
SOCCER-EU,WIG,Wigan Athletic
SOCCER-EU,PLY,Plymouth Argyle
SOCCER-EU,CAR,Carlisle United
SOCCER-EU,EVE,Everton FC
SOCCER-EU,CHA,Charlton Athletic
SOCCER-EU,NEW,Newcastle United
SOCCER-EU,FLE,Fleetwood Town
SOCCER-EU,BAR,Barnet FC
SOCCER-EU,CRY,Crystal Palace
SOCCER-EU,GIL,Gillingham FC
SOCCER-EU,WHU,West Ham United
SOCCER-EU,TOT,Tottenham Hotspur
SOCCER-EU,NOR,Northampton Town
SOCCER-EU,PET,Peterborough United
SOCCER-EU,HUL,Hull City
SOCCER-EU,AST,Aston Villa
SOCCER-EU,OXF,Oxford United
SOCCER-EU,WOL,Wolverhampton Wanderers
SOCCER-EU,WIM,AFC Wimbledon
SOCCER-EU,BUR,Burton Albion
SOCCER-EU,FUL,Fulham FC
SOCCER-EU,BRI,Brighton & Hove Albion FC
SOCCER-EU,MUN,Manchester United
SOCCER-EU,NOF,Nottingham Forest
SOCCER-EU,POR,Portsmouth FC
SOCCER-EU,DER,Derby County
SOCCER-EU,PVA,Port Vale FC
SOCCER-EU,DON,Doncaster Rovers
SOCCER-EU,LIV,Liverpool FC
SOCCER-EU,COC,Coventry City
SOCCER-EU,SHR,Shrewsbury Town
SOCCER-EU,EXE,Exeter City
SOCCER-EU,IPS,Ipswich Town
SOCCER-EU,BOL,Bolton Wanderers
SOCCER-EU,MFC,Morecambe FC
SOCCER-EU,CAR,Cardiff City
SOCCER-EU,COL,Colchester United
SOCCER-EU,GRI,Grimsby Town
SOCCER-EU,WYC,Wycombe Wanderers
SOCCER-EU,WAT,Watford FC
SOCCER-EU,BRC,Bristol City
SOCCER-EU,NEW,Newport County
SOCCER-EU,NOC,Notts County
SOCCER-EU,SHW,Sheffield Wednesday
SOCCER-EU,STE,Stevenage FC
SOCCER-EU,ROC,Rochdale FC
SOCCER-EU,SCU,Scunthorpe United
SOCCER-EU,ROT,Rotherham United
SOCCER-EU,CHE,Cheltenham Town
SOCCER-EU,BRA,Bradford City
SOCCER-EU,LEY,Leyton Orient
SOCCER-EU,ARS,Arsenal FC
SOCCER-EU,LUT,Luton Town
SOCCER-EU,BUR,Burnley FC
SOCCER-EU,MAN,Mansfield Town
SOCCER-EU,HUD,Huddersfield Town
SOCCER-EU,PRE,Preston North End
SOCCER-EU,CHE,Chelsea FC
SOCCER-EU,STK,Stoke City
SOCCER-EU,QPR,Queens Park Rangers
SOCCER-EU,NOR,Norwich City
SOCCER-EU,MKD,Milton Keynes Dons
SOCCER-EU,CHE,Chesterfield FC
SOCCER-EU,CRA,Crawley Town
SOCCER-EU,WAl,Walsall FC
SOCCER-EU,BFC,Brentford FC
SOCCER-EU,BLA,Blackburn Rovers
SOCCER-EU,FCB,Bury FC
SOCCER-EU,HAR,Hartlepool United
SOCCER-EU,SWA,Swansea City
SOCCER-EU,YEO,Yeovil Town
SOCCER-EU,MCI,Manchester City
SOCCER-EU,LEI,Leicester City
SOCCER-EU,BIR,Birmingham City
SOCCER-EU,MID,Middlesbrough FC
SOCCER-EU,LEE,Leeds United
SOCCER-EU,BRR,Bristol Rovers
SOCCER-EU,SOU,Southend United
SOCCER-EU,BLA,Blackpool FC
SOCCER-EU,MIL,Millwall FC
SOCCER-EU,BAR,Barnsley FC
SOCCER-EU,BOU,Bournemouth AFC
SOCCER-EU,NOR,Norwich City
SOCCER-EU,FUL,Fulham FC
SOCCER-EU,BRI,Brighton & Hove Albion FC
SOCCER-EU,IPS,Ipswich Town
SOCCER-EU,HUD,Huddersfield Town
SOCCER-EU,QPR,Queens Park Rangers
SOCCER-EU,BUR,Burton Albion
SOCCER-EU,PRE,Preston North End
SOCCER-EU,REA,Reading FC
SOCCER-EU,NEW,Newcastle United
SOCCER-EU,WIG,Wigan Athletic
SOCCER-EU,BFC,Brentford FC
SOCCER-EU,DER,Derby County
SOCCER-EU,CAR,Cardiff City
SOCCER-EU,BLA,Blackburn Rovers
SOCCER-EU,BAR,Barnsley FC
SOCCER-EU,NOF,Nottingham Forest
SOCCER-EU,BIR,Birmingham City
SOCCER-EU,BRC,Bristol City
SOCCER-EU,AST,Aston Villa
SOCCER-EU,ROT,Rotherham United
SOCCER-EU,LEE,Leeds United
SOCCER-EU,SHW,Sheffield Wednesday
SOCCER-EU,WOL,Wolverhampton Wanderers
SOCCER-EU,EXE,Exeter City
SOCCER-EU,WOL,Wolverhampton Wanderers
SOCCER-EU,MCI,Manchester City
SOCCER-EU,MFC,Morecambe FC
SOCCER-EU,NOC,Notts County
SOCCER-EU,MUN,Manchester United
SOCCER-EU,YEO,Yeovil Town
SOCCER-EU,BLA,Blackpool FC
SOCCER-EU,ASH,Curzon Ashton FC
SOCCER-EU,COL,Colchester United
SOCCER-EU,ROT,Rotherham United
SOCCER-EU,CHE,Chesham Utd
SOCCER-EU,ACC,Accrington Stanley
SOCCER-EU,CHE,Chesterfield FC
SOCCER-EU,WAl,Walsall FC
SOCCER-EU,WBA,West Bromwich Albion
SOCCER-EU,SWA,Swansea City
SOCCER-EU,EVE,Everton FC
SOCCER-EU,OLD,Oldham Athletic
SOCCER-EU,STK,Stoke City
SOCCER-EU,PLY,Plymouth Argyle
SOCCER-EU,MIL,Millwall FC
SOCCER-EU,CRA,Crawley Town
SOCCER-EU,HAR,Harrow Borough
SOCCER-EU,CAM,Cambridge United FC
SOCCER-EU,BFC,Brentford FC
SOCCER-EU,BRA,Braintree Town
SOCCER-EU,CAR,Carlisle United
SOCCER-EU,LEY,Leyton Orient
SOCCER-EU,NEW,Newport County
SOCCER-EU,FCB,Bury FC
SOCCER-EU,BIR,Birmingham City
SOCCER-EU,HAR,Hartlepool United
SOCCER-EU,GRI,Grimsby Town
SOCCER-EU,CAR,Cardiff City
SOCCER-EU,GIL,Gillingham FC
SOCCER-EU,STO,Stourbridge FC
SOCCER-EU,SOL,Solihull Moors FC
SOCCER-EU,HUD,Huddersfield Town
SOCCER-EU,BOL,Bolton Wanderers
SOCCER-EU,NOF,Nottingham Forest
SOCCER-EU,NOR,Norwich City
SOCCER-EU,LUT,Luton Town
SOCCER-EU,SUT,Sutton United
SOCCER-EU,BRR,Bristol Rovers
SOCCER-EU,SPE,Spennymoor Town
SOCCER-EU,BRA,Brackley Town
SOCCER-EU,WHI,Whitehawk
SOCCER-EU,AST,Aston Villa
SOCCER-EU,TOT,Tottenham Hotspur
SOCCER-EU,WES,Westfields FC
SOCCER-EU,LIC,Lincoln City
SOCCER-EU,BAR,Barnsley FC
SOCCER-EU,CHA,Charlton Athletic
SOCCER-EU,QPR,Queens Park Rangers
SOCCER-EU,SHU,Sheffield United
SOCCER-EU,WYC,Wycombe Wanderers
SOCCER-EU,LEE,Leeds United
SOCCER-EU,WIM,AFC Wimbledon
SOCCER-EU,BFC,Barrow FC
SOCCER-EU,HAL,Halifax Town
SOCCER-EU,BLA,Blackburn Rovers
SOCCER-EU,OXF,Oxford United
SOCCER-EU,BUR,Burnley FC
SOCCER-EU,DAR,Dartford FC
SOCCER-EU,MER,Merstham
SOCCER-EU,MKD,Milton Keynes Dons
SOCCER-EU,PVA,Port Vale FC
SOCCER-EU,DER,Derby County
SOCCER-EU,ALF,Alfreton Town FC
SOCCER-EU,WIG,Wigan Athletic
SOCCER-EU,ROC,Rochdale FC
SOCCER-EU,EFC,Eastleigh FC
SOCCER-EU,WHU,West Ham United
SOCCER-EU,FLE,Fleetwood Town
SOCCER-EU,SWI,Swindon Town
SOCCER-EU,SCU,Scunthorpe United
SOCCER-EU,BOU,Bournemouth AFC
SOCCER-EU,HUL,Hull City
SOCCER-EU,MAI,Maidstone United
SOCCER-EU,SOU,Southend United
SOCCER-EU,DOV,Dover Athletic
SOCCER-EU,BAR,Barnet FC
SOCCER-EU,SHR,Shrewsbury Town
SOCCER-EU,ALT,Altrincham FC
SOCCER-EU,KID,Kidderminster Harriers
SOCCER-EU,MAC,Macclesfield Town
SOCCER-EU,NEW,Newcastle United
SOCCER-EU,SOU,Southport FC
SOCCER-EU,REA,Reading FC
SOCCER-EU,PRE,Preston North End
SOCCER-EU,IPS,Ipswich Town
SOCCER-EU,TAU,Taunton Town
SOCCER-EU,CHE,Chelsea FC
SOCCER-EU,FUL,Fulham FC
SOCCER-EU,CRY,Crystal Palace
SOCCER-EU,NOR,Northampton Town
SOCCER-EU,BRA,Bradford City
SOCCER-EU,CRA,Crewe Alexandra FC
SOCCER-EU,STE,Stevenage FC
SOCCER-EU,DAG,Dagenham & Redbridge
SOCCER-EU,LEI,Leicester City
SOCCER-EU,CHE,Cheltenham Town
SOCCER-EU,STA,Stamford
SOCCER-EU,STA,St Albans City
SOCCER-EU,SUN,Sunderland AFC
SOCCER-EU,SHW,Sheffield Wednesday
SOCCER-EU,POR,Portsmouth FC
SOCCER-EU,STO,Stockport County
SOCCER-EU,BUR,Burton Albion
SOCCER-EU,BRI,Brighton & Hove Albion FC
SOCCER-EU,MID,Middlesbrough FC
SOCCER-EU,EAS,Eastbourne Borough
SOCCER-EU,DON,Doncaster Rovers
SOCCER-EU,LIV,Liverpool FC
SOCCER-EU,WAT,Watford FC
SOCCER-EU,WOK,Woking FC
SOCCER-EU,PET,Peterborough United
SOCCER-EU,COC,Coventry City
SOCCER-EU,BOR,Boreham Wood
SOCCER-EU,SOU,Southampton FC
SOCCER-EU,MAN,Mansfield Town
SOCCER-EU,ARS,Arsenal FC
SOCCER-EU,BRC,Bristol City
SOCCER-EU,SOU,Southampton FC
SOCCER-EU,MCI,Manchester City
SOCCER-EU,ARS,Arsenal FC
SOCCER-EU,EVE,Everton FC
SOCCER-EU,SWA,Swansea City
SOCCER-EU,WBA,West Bromwich Albion
SOCCER-EU,WHU,West Ham United
SOCCER-EU,CHE,Chelsea FC
SOCCER-EU,STK,Stoke City
SOCCER-EU,HUL,Hull City
SOCCER-EU,MID,Middlesbrough FC
SOCCER-EU,LEI,Leicester City
SOCCER-EU,BUR,Burnley FC
SOCCER-EU,TOT,Tottenham Hotspur
SOCCER-EU,BOU,Bournemouth AFC
SOCCER-EU,LIV,Liverpool FC
SOCCER-EU,WAT,Watford FC
SOCCER-EU,MUN,Manchester United
SOCCER-EU,CRY,Crystal Palace
SOCCER-EU,SUN,Sunderland AFC
SOCCER-EU,CRA,Crewe Alexandra FC
SOCCER-EU,HAR,Hartlepool United
SOCCER-EU,PLY,Plymouth Argyle
SOCCER-EU,CRA,Crawley Town
SOCCER-EU,COL,Colchester United
SOCCER-EU,BLA,Blackpool FC
SOCCER-EU,CHE,Cheltenham Town
SOCCER-EU,MFC,Morecambe FC
SOCCER-EU,STE,Stevenage FC
SOCCER-EU,LUT,Luton Town
SOCCER-EU,MAN,Mansfield Town
SOCCER-EU,POR,Portsmouth FC
SOCCER-EU,WYC,Wycombe Wanderers
SOCCER-EU,DON,Doncaster Rovers
SOCCER-EU,CAR,Carlisle United
SOCCER-EU,LEY,Leyton Orient
SOCCER-EU,NOC,Notts County
SOCCER-EU,ACC,Accrington Stanley
SOCCER-EU,BAR,Barnet FC
SOCCER-EU,NEW,Newport County
SOCCER-EU,EXE,Exeter City
SOCCER-EU,CAM,Cambridge United FC
SOCCER-EU,GRI,Grimsby Town
SOCCER-EU,YEO,Yeovil Town
SOCCER-EU,OLD,Oldham Athletic
SOCCER-EU,SHR,Shrewsbury Town
SOCCER-EU,FLE,Fleetwood Town
SOCCER-EU,PET,Peterborough United
SOCCER-EU,MKD,Milton Keynes Dons
SOCCER-EU,FCB,Bury FC
SOCCER-EU,SHU,Sheffield United
SOCCER-EU,GIL,Gillingham FC
SOCCER-EU,PVA,Port Vale FC
SOCCER-EU,SOU,Southend United
SOCCER-EU,WIM,AFC Wimbledon
SOCCER-EU,WAl,Walsall FC
SOCCER-EU,BRR,Bristol Rovers
SOCCER-EU,CHE,Chesterfield FC
SOCCER-EU,ROC,Rochdale FC
SOCCER-EU,NOR,Northampton Town
SOCCER-EU,OXF,Oxford United
SOCCER-EU,SWI,Swindon Town
SOCCER-EU,MIL,Millwall FC
SOCCER-EU,CHA,Charlton Athletic
SOCCER-EU,BRA,Bradford City
SOCCER-EU,BOL,Bolton Wanderers
SOCCER-EU,COC,Coventry City
SOCCER-EU,SCU,Scunthorpe United
SOCCER-EU,ATM,Asa Targu Mures
SOCCER-EU,POL,ACS Poli Timisoara
SOCCER-EU,CON,CS Concordia Chiajna
SOCCER-EU,DBU,Dinamo Bucuresti
SOCCER-EU,BOT,FC Botosani
SOCCER-EU,GIU,AFC Astra Giurgiu
SOCCER-EU,GAZ,CS Gaz Metan Medias
SOCCER-EU,UCR,CS Universitatea Craiova
SOCCER-EU,VOL,CS Voluntari
SOCCER-EU,CLU,CFR Cluj
SOCCER-EU,STB,Steaua Bucuresti
SOCCER-EU,VII,FC Viitorul Constanta
SOCCER-EU,PAN,CS Pandurii Targu Jiu
SOCCER-EU,CSM,CS Municipal Studentesc Iasi
SOCCER-EU,RBU,Rapid Bucuresti
SOCCER-EU,AJA,Ajax Amsterdam
SOCCER-EU,QAR,Qarabag FK
SOCCER-EU,FEN,Fenerbahce
SOCCER-EU,VAR,Vardar Skopje
SOCCER-EU,RSB,FK Red Star Belgrade
SOCCER-EU,CBE,Crusaders Belfast
SOCCER-EU,RBS,RB Salzburg
SOCCER-EU,SJO,Seinajoen JK
SOCCER-EU,CEL,Celtic FC
SOCCER-EU,TNS,The New Saints FC
SOCCER-EU,HBS,Hapoel Beer Sheva
SOCCER-EU,POL,FC Sheriff Tiraspol
SOCCER-EU,BAT,FC BATE Borisov
SOCCER-EU,APO,Apoel Nicosia FC
SOCCER-EU,VAL,Valletta FC
SOCCER-EU,OLI,NK Olimpija Ljubljana
SOCCER-EU,PAO,PAOK FC
SOCCER-EU,OLY,Olympiacos FC
SOCCER-EU,TRP,Tre Penne
SOCCER-EU,FCA,FC Astana
SOCCER-EU,POR,FC Porto
SOCCER-EU,LUD,Ludogorets Razgrad
SOCCER-EU,RBK,Rosenborg BK
SOCCER-EU,F91,F91 Dudelange
SOCCER-EU,FTC,Ferencvarosi TC
SOCCER-EU,PTI,Partizani Tirana
SOCCER-EU,GIU,AFC Astra Giurgiu
SOCCER-EU,BMG,Monchengladbach
SOCCER-EU,MPO,FK Mladost Podgorica
SOCCER-EU,ALA,Alashkert
SOCCER-EU,TOR,B36 Torshavn
SOCCER-EU,FCC,FC Copenhagen
SOCCER-EU,TBI,FC Dinamo Tbilisi
SOCCER-EU,ZAL,VMFD Zalgiris
SOCCER-EU,FCF,FC Flora Tallinn
SOCCER-EU,SHA,FC Shakhtar Donetsk
SOCCER-EU,NKP,IFK Norrkoping
SOCCER-EU,FCC,FC Santa Coloma
SOCCER-EU,VIL,Villarreal CF
SOCCER-EU,LIE,FK Liepaja
SOCCER-EU,DZA,GNK Dinamo Zagreb
SOCCER-EU,LEG,Legia Warsaw
SOCCER-EU,PRA,Sparta Prague
SOCCER-EU,VPL,FC Viktoria Plzen
SOCCER-EU,ASM,AS Monaco
SOCCER-EU,YBB,Young Boys Bern
SOCCER-EU,TRE,AS Trencin
SOCCER-EU,ROS,FC Rostov
SOCCER-EU,HAF,FH Hafnarfjordur
SOCCER-EU,STB,Steaua Bucuresti
SOCCER-EU,DUN,Dundalk FC
SOCCER-EU,ZRI,Zrinjski Mostar
SOCCER-EU,RSC,RSC Anderlecht
SOCCER-EU,ROM,AS Roma
SOCCER-EU,MCI,Manchester City
SOCCER-EU,LIN,Lincoln FC
SOCCER-EU,LEV,Bayer Leverkusen
SOCCER-EU,PSG,Paris St Germain
SOCCER-EU,POR,FC Porto
SOCCER-EU,SEV,Sevilla FC
SOCCER-EU,MAD,Real Madrid
SOCCER-EU,BVB,Borussia Dortmund
SOCCER-EU,ATM,Atletico Madrid
SOCCER-EU,ASM,AS Monaco
SOCCER-EU,FCB,Bayern Munich
SOCCER-EU,ARS,Arsenal FC
SOCCER-EU,NAP,SSC Napoli
SOCCER-EU,JUV,Juventus Turin
SOCCER-EU,MCI,Manchester City
SOCCER-EU,BEN,Benfica Lisbon
SOCCER-EU,BAR,FC Barcelona
SOCCER-EU,LEI,Leicester City
SOCCER-EU,JUV,Juventus Turin
SOCCER-EU,SEV,Sevilla FC
SOCCER-EU,OL,Olympique Lyon
SOCCER-EU,DZA,GNK Dinamo Zagreb
SOCCER-EU,BES,Besiktas JK
SOCCER-EU,NAP,SSC Napoli
SOCCER-EU,DYK,FC Dynamo Kiev
SOCCER-EU,BEN,Benfica Lisbon
SOCCER-EU,ATM,Atletico Madrid
SOCCER-EU,FCB,Bayern Munich
SOCCER-EU,ROS,FC Rostov
SOCCER-EU,PSV,PSV Eindhoven
SOCCER-EU,BRU,Club Brugge
SOCCER-EU,POR,FC Porto
SOCCER-EU,LEI,Leicester City
SOCCER-EU,FCC,FC Copenhagen
SOCCER-EU,CSK,CSKA Moscow
SOCCER-EU,LEV,Bayer Leverkusen
SOCCER-EU,ASM,AS Monaco
SOCCER-EU,TOT,Tottenham Hotspur
SOCCER-EU,MCI,Manchester City
SOCCER-EU,BMG,Monchengladbach
SOCCER-EU,BAR,FC Barcelona
SOCCER-EU,CEL,Celtic FC
SOCCER-EU,LEG,Legia Warsaw
SOCCER-EU,MAD,Real Madrid
SOCCER-EU,SPO,Sporting CP
SOCCER-EU,BVB,Borussia Dortmund
SOCCER-EU,FCB,FC Basel
SOCCER-EU,ARS,Arsenal FC
SOCCER-EU,LUD,Ludogorets Razgrad
SOCCER-EU,PSG,Paris St Germain
SOCCER-EU,ODD,Odds BK
SOCCER-EU,VFC,Videoton FC
SOCCER-EU,VEN,FK Ventspils
SOCCER-EU,FCP,Pyunik Yerevan FC
SOCCER-EU,RSC,RSC Anderlecht
SOCCER-EU,ATL,FK Atlantas Klaipeda
SOCCER-EU,ASSE,AS Saint Etienne
SOCCER-EU,KUK,KS Kukesi
SOCCER-EU,OMO,AC Omonia Nicosia
SOCCER-EU,RIJ,HNK Rijeka
SOCCER-EU,BRA,Slovan Bratislava
SOCCER-EU,SMY,Spartak Myjava
SOCCER-EU,MLB,FK Mlada Boleslav
SOCCER-EU,AKT,FC Aktobe
SOCCER-EU,HER,Heracles Almelo
SOCCER-EU,NKA,Nomme Kalju FC
SOCCER-EU,MAH,Maccabi Haifa
SOCCER-EU,BEI,Beitar Jerusalem
SOCCER-EU,OSM,Osmanlispor FK
SOCCER-EU,TRA,Trakai FK
SOCCER-EU,ZAG,NK Lokomotiva Zagreb
SOCCER-EU,BER,Beroe Stara Zagora
SOCCER-EU,TOR,Torpedo Belaz Zhodino
SOCCER-EU,FZB,FC Zaria Balti
SOCCER-EU,HAC,BK Hacken
SOCCER-EU,LEV,Levski Sofia
SOCCER-EU,ZIM,FC Zimbru Chisinau
SOCCER-EU,CSM,CS Municipal Studentesc Iasi
SOCCER-EU,PTI,Partizani Tirana
SOCCER-EU,ZAG,KGHM Zaglebie Lubin
SOCCER-EU,GCQ,Gap Connahs Quay
SOCCER-EU,HER,Hertha BSC
SOCCER-EU,BAT,Bala Town
SOCCER-EU,BKO,FK Bokelj Kotor
SOCCER-EU,NDG,ND Gorica
SOCCER-EU,SPA,Spartaks Jurmala
SOCCER-EU,SHA,Shamrock Rovers FC
SOCCER-EU,CUK,FK Cukaricki Stankom
SOCCER-EU,PAN,Panathinaikos Athens
SOCCER-EU,APO,Apollon Limassol FC
SOCCER-EU,COR,Cork City FC
SOCCER-EU,FES,CS Fola Esch
SOCCER-EU,LUS,Lusitanos FC
SOCCER-EU,GIA,PAS Giannina FC
SOCCER-EU,GOT,Vikingur Gota
SOCCER-EU,HIB,Hibernians FC
SOCCER-EU,LAR,AEK Larnaca FC
SOCCER-EU,FBY,Banants Yerevan FC
SOCCER-EU,BAS,Basaksehir FK
SOCCER-EU,RSB,FK Red Star Belgrade
SOCCER-EU,MTK,MTK Budapest FC
SOCCER-EU,FFA,SS Folgore/Falciano
SOCCER-EU,IFK,IFK Gothenburg
SOCCER-EU,ROP,Rovaniemi Palloseura
SOCCER-EU,GLI,GKS Piast Gliwice
SOCCER-EU,OLY,Olympiacos FC
SOCCER-EU,HSP,HNK Hajduk Split
SOCCER-EU,CHI,FC Chikhura Sachkhere
SOCCER-EU,SPR,SK Slavia Prague
SOCCER-EU,KAA,KAA Gent
SOCCER-EU,SCR,SK Rapid Vienna
SOCCER-EU,KRR,KR Reykjavik
SOCCER-EU,JES,Jeunesse Esch
SOCCER-EU,TBI,FC Dinamo Tbilisi
SOCCER-EU,BRO,Brondby IF
SOCCER-EU,VOJ,FK Vojvodina
SOCCER-EU,BUD,FK Buducnost
SOCCER-EU,DEB,Debreceni VSC
SOCCER-EU,SPA,FC Spartak Trnava
SOCCER-EU,LAF,SP La Fiorita
SOCCER-EU,LLA,Llandudno FC
SOCCER-EU,ARO,FC Arouca
SOCCER-EU,LUZ,FC Luzern
SOCCER-EU,SHA,FC Shakhtar Donetsk
SOCCER-EU,LOSC,Lille OSC
SOCCER-EU,ADM,Admira Wacker
SOCCER-EU,SIK,FK Sileks Kratovo
SOCCER-EU,STB,Stabaek Fotball
SOCCER-EU,TEU,KS Teuta Durres
SOCCER-EU,TRE,AS Trencin
SOCCER-EU,POL,Vorskla Poltava
SOCCER-EU,FCL,Tallinna FC Levadia
SOCCER-EU,FEN,Fenerbahce
SOCCER-EU,RAV,Rio Ave FC
SOCCER-EU,VII,FC Viitorul Constanta
SOCCER-EU,BAL,Balzan Youths
SOCCER-EU,AEK,AEK Athens FC
SOCCER-EU,QAR,Qarabag FK
SOCCER-EU,AZA,AZ Alkmaar
SOCCER-EU,UEC,UE Santa Coloma
SOCCER-EU,PAN,CS Pandurii Targu Jiu
SOCCER-EU,VAD,FC Vaduz
SOCCER-EU,RUN,NSI Runavik
SOCCER-EU,LIN,FC Linfield
SOCCER-EU,GIU,AFC Astra Giurgiu
SOCCER-EU,AUS,FK Austria Vienna
SOCCER-EU,GAB,FK Gabala
SOCCER-EU,DAC,FC Dacia Chisinau
SOCCER-EU,GCZ,Grasshopper Club Zurich
SOCCER-EU,SAS,US Sassuolo
SOCCER-EU,RBK,Rosenborg BK
SOCCER-EU,BRE,Breidablik Kopavogur
SOCCER-EU,WHU,West Ham United
SOCCER-EU,ORD,FC Ordabasy
SOCCER-EU,SLI,FC Slovan Liberec
SOCCER-EU,STP,Saint Patrick's Athletic FC
SOCCER-EU,MAR,IFK Mariehamn
SOCCER-EU,DIF,Differdange FC 03
SOCCER-EU,BAT,FC BATE Borisov
SOCCER-EU,CLI,Cliftonville FC
SOCCER-EU,GLE,Glenavon FC
SOCCER-EU,HBT,HB Torshavn
SOCCER-EU,MAR,NK Maribor
SOCCER-EU,RBS,FK Rabotnicki Skopje
SOCCER-EU,JEL,FK Jelgava
SOCCER-EU,SPA,FC Spartak Moscow
SOCCER-EU,SON,SonderjyskE
SOCCER-EU,PAO,PAOK FC
SOCCER-EU,SOF,PFC Slavia Sofia
SOCCER-EU,HIB,Hibernian FC
SOCCER-EU,COL,College Europa FC
SOCCER-EU,MTA,Maccabi Tel Aviv
SOCCER-EU,ALM,FC Kairat Almaty
SOCCER-EU,VAL,Valur Reykjavik
SOCCER-EU,BIR,Birkirkara FC
SOCCER-EU,SIF,Stromsgodset IF
SOCCER-EU,RPJ,FK Rudar Pljevlja
SOCCER-EU,HEA,Heart of Midlothian
SOCCER-EU,MJY,FC Midtjylland
SOCCER-EU,CRA,KS Cracovia
SOCCER-EU,DOM,NK Domzale
SOCCER-EU,SBR,NK Siroki Brijeg
SOCCER-EU,PRA,Sparta Prague
SOCCER-EU,OLE,FC Oleksandria
SOCCER-EU,NBA,FK Neftchi Baku
SOCCER-EU,DMI,FC Dinamo Minsk
SOCCER-EU,SUD,FK Suduva Marijampole
SOCCER-EU,PBE,Partizan Belgrade
SOCCER-EU,KRA,FC Krasnodar
SOCCER-EU,SHK,Shkendija 79 Tetovo
SOCCER-EU,SLO,FK Sloboda Tuzla
SOCCER-EU,FCA,FC Astana
SOCCER-EU,GEN,KRC Genk
SOCCER-EU,HJK,HJK Helsinki
SOCCER-EU,FCG,Shirak Gyumri FC
SOCCER-EU,FCI,FCI Tallinn
SOCCER-EU,RAD,Radnik Bijeljina
SOCCER-EU,ABE,Aberdeen FC
SOCCER-EU,SHS,FC Shakhter Soligorsk
SOCCER-EU,AIK,AIK
SOCCER-EU,SAM,FC Samtredia
SOCCER-EU,GOR,FC Dila Gori
SOCCER-EU,KAP,FK Kapaz
SOCCER-EU,LUD,Ludogorets Razgrad
SOCCER-EU,ZEN,FC Zenit St Petersburg
SOCCER-EU,LEG,Legia Warsaw
SOCCER-EU,GIU,AFC Astra Giurgiu
SOCCER-EU,BES,Besiktas JK
SOCCER-EU,KAA,KAA Gent
SOCCER-EU,HBS,Hapoel Beer Sheva
SOCCER-EU,TOT,Tottenham Hotspur
SOCCER-EU,AJA,Ajax Amsterdam
SOCCER-EU,FIO,ACF Fiorentina
SOCCER-EU,BIL,Athletic Bilbao
SOCCER-EU,S04,FC Schalke 04
SOCCER-EU,AZA,AZ Alkmaar
SOCCER-EU,APO,Apoel Nicosia FC
SOCCER-EU,OLY,Olympiacos FC
SOCCER-EU,PAO,PAOK FC
SOCCER-EU,FEN,Fenerbahce
SOCCER-EU,GEN,KRC Genk
SOCCER-EU,SHA,FC Shakhtar Donetsk
SOCCER-EU,MUN,Manchester United
SOCCER-EU,KRA,FC Krasnodar
SOCCER-EU,VIL,Villarreal CF
SOCCER-EU,PRA,Sparta Prague
SOCCER-EU,BMG,Monchengladbach
SOCCER-EU,ROM,AS Roma
SOCCER-EU,OL,Olympique Lyon
SOCCER-EU,OSM,Osmanlispor FK
SOCCER-EU,CEV,Celta de Vigo
SOCCER-EU,ROS,FC Rostov
SOCCER-EU,FCC,FC Copenhagen
SOCCER-EU,RSC,RSC Anderlecht
SOCCER-EU,ASSE,AS Saint Etienne
SOCCER-EU,GIU,AFC Astra Giurgiu
SOCCER-EU,ROM,AS Roma
SOCCER-EU,AUS,FK Austria Vienna
SOCCER-EU,VPL,FC Viktoria Plzen
SOCCER-EU,CEV,Celta de Vigo
SOCCER-EU,STL,Standard Liege
SOCCER-EU,AJA,Ajax Amsterdam
SOCCER-EU,PAN,Panathinaikos Athens
SOCCER-EU,MAI,1 FSV Mainz 05
SOCCER-EU,ASSE,AS Saint Etienne
SOCCER-EU,RSC,RSC Anderlecht
SOCCER-EU,GAB,FK Gabala
SOCCER-EU,FCZ,FC Zurich
SOCCER-EU,STB,Steaua Bucuresti
SOCCER-EU,VIL,Villarreal CF
SOCCER-EU,OSM,Osmanlispor FK
SOCCER-EU,S04,FC Schalke 04
SOCCER-EU,KRA,FC Krasnodar
SOCCER-EU,OGCN,OGC Nice
SOCCER-EU,RBS,RB Salzburg
SOCCER-EU,KAA,KAA Gent
SOCCER-EU,SHA,FC Shakhtar Donetsk
SOCCER-EU,BRA,Sporting Braga
SOCCER-EU,KON,Atiker Konyaspor 1922
SOCCER-EU,MUN,Manchester United
SOCCER-EU,FEN,Fenerbahce
SOCCER-EU,FEY,Feyenoord Rotterdam
SOCCER-EU,ZOR,FC Zorya Lugansk
SOCCER-EU,AZA,AZ Alkmaar
SOCCER-EU,MTA,Maccabi Tel Aviv
SOCCER-EU,ZEN,FC Zenit St Petersburg
SOCCER-EU,DUN,Dundalk FC
SOCCER-EU,QAR,Qarabag FK
SOCCER-EU,FIO,ACF Fiorentina
SOCCER-EU,SLI,FC Slovan Liberec
SOCCER-EU,PAO,PAOK FC
SOCCER-EU,BIL,Athletic Bilbao
SOCCER-EU,GEN,KRC Genk
SOCCER-EU,SCR,SK Rapid Vienna
SOCCER-EU,SAS,US Sassuolo
SOCCER-EU,OLY,Olympiacos FC
SOCCER-EU,FCA,FC Astana
SOCCER-EU,APO,Apoel Nicosia FC
SOCCER-EU,YBB,Young Boys Bern
SOCCER-EU,HBS,Hapoel Beer Sheva
SOCCER-EU,INT,Inter Milan
SOCCER-EU,PRA,Sparta Prague
SOCCER-EU,SOU,Southampton FC
SOCCER-EU,SET,Vitoria Setubal
SOCCER-EU,MOR,Moreirense FC
SOCCER-EU,RAV,Rio Ave FC
SOCCER-EU,FCP,FC Pacos Ferreira
SOCCER-EU,EST,GD Estoril Praia
SOCCER-EU,POR,FC Porto
SOCCER-EU,CHA,GD Chaves
SOCCER-EU,BEL,CF Os Belenenses
SOCCER-EU,BRA,Sporting Braga
SOCCER-EU,MAR,CS Maritimo Madeira
SOCCER-EU,CDN,CD Nacional
SOCCER-EU,BEN,Benfica Lisbon
SOCCER-EU,VIT,Vitoria Guimaraes
SOCCER-EU,FEI,CD Feirense
SOCCER-EU,BOA,Boavista FC
SOCCER-EU,ARO,FC Arouca
SOCCER-EU,TON,CD Tondela
SOCCER-EU,SPO,Sporting CP
SOCCER-EU,STA,IK Start
SOCCER-EU,BRA,SK Brann
SOCCER-EU,LIK,Lillestrom SK
SOCCER-EU,VIK,Viking FK
SOCCER-EU,ODD,Odds BK
SOCCER-EU,SIL,Sogndal IL
SOCCER-EU,BOG,Bodo/Glimt
SOCCER-EU,VIF,Valerenga IF
SOCCER-EU,TIL,Tromso IL
SOCCER-EU,RBK,Rosenborg BK
SOCCER-EU,MFK,Molde FK
SOCCER-EU,SAR,Sarpsborg
SOCCER-EU,SIF,Stromsgodset IF
SOCCER-EU,FKH,Haugesund FK
SOCCER-EU,STB,Stabaek Fotball
SOCCER-EU,AFK,Aalesunds FK
SOCCER-EU,KIL,Kongsvinger IL
SOCCER-EU,SAN,Sandnes Ulf
SOCCER-EU,JER,Jerv FK
SOCCER-EU,STB,Stabaek Fotball
SOCCER-EU,FRA,Fraternelle Amicale Le Cendre
SOCCER-EU,CAP,CA Pontarlier
SOCCER-EU,ROY,Roye Noyon US
SOCCER-EU,ASSE,AS Saint Etienne
SOCCER-EU,SOR,SO Romorantin
SOCCER-EU,ASP,Asptt Brest
SOCCER-EU,SEL,SC Selongey
SOCCER-EU,BOU,Bourg Peronnas
SOCCER-EU,QRO,US Quevilly Rouen
SOCCER-EU,LGA,Les Genets D'anglet
SOCCER-EU,BES,Besancon FC
SOCCER-EU,MTS,FC de Mtsapere
SOCCER-EU,PSG,Paris St Germain
SOCCER-EU,SAR,Sarreguemines FC
SOCCER-EU,STB,Saint Brieuc
SOCCER-EU,LES,Les Sables Tvec
SOCCER-EU,JAR,Jarville JF
SOCCER-EU,CLE,Clermont Foot
SOCCER-EU,OLY,Olympique Ales
SOCCER-EU,GRE,Grenoble Foot
SOCCER-EU,VIR,ES Viry-Chatillon
SOCCER-EU,ROD,Rodez Aveyron
SOCCER-EU,LAV,Stade Lavallois MFC
SOCCER-EU,NIM,Olympique Nimes
SOCCER-EU,ABE,ASM Belfort
SOCCER-EU,SMC,SM Caen
SOCCER-EU,OGCN,OGC Nice
SOCCER-EU,ERN,Erneenne
SOCCER-EU,US ,US Oberlauterbach
SOCCER-EU,AJA,AC Ajaccio
SOCCER-EU,ES ,ES Parisienne
SOCCER-EU,RHO,FC Rhone-Vallee
SOCCER-EU,HYE,Hyeres FC
SOCCER-EU,SAR,Sarrebourg FC
SOCCER-EU,CHO,Cholet
SOCCER-EU,LIM,Limoges FC
SOCCER-EU,AS ,AS Aixoise
SOCCER-EU,OLY,Olympique Pavillais
SOCCER-EU,TOU,Tours FC
SOCCER-EU,BSJ,Uf Belleville St Jean
SOCCER-EU,SCO,SCO Angers
SOCCER-EU,DFCO,Dijon FCO
SOCCER-EU,LOU,Louhans Cuiseaux
SOCCER-EU,MUL,FC Mulhouse
SOCCER-EU,EAG,EA Guingamp
SOCCER-EU,IFC,Istres FC
SOCCER-EU,SCB,Balma SC
SOCCER-EU,EFS,Etoile Frejus Saint-Raphael
SOCCER-EU,CRX,Croix IC
SOCCER-EU,CNI,Chamois Niort FC
SOCCER-EU,SGE,Sainte Genevieve Sports
SOCCER-EU,HAV,AC Havre
SOCCER-EU,CON,GS Consolat Marseille
SOCCER-EU,AUX,AJ Auxerre
SOCCER-EU,US ,US St Maximin
SOCCER-EU,BOU,US Boulogne Cote D Opale
SOCCER-EU,CHA,LB Chateauroux
SOCCER-EU,GRA,Grand-Quevilly FC
SOCCER-EU,LYO,Lyon Duchere
SOCCER-EU,ALE,Alencon US
SOCCER-EU,PHA,Phare Du Canal
SOCCER-EU,FCGB,FC Girondins Bordeaux
SOCCER-EU,EPA,CTRE Educ Palavas
SOCCER-EU,CSS,CSS Saint Etienne
SOCCER-EU,MAT,US Matoury
SOCCER-EU,OM,Olympique Marseille
SOCCER-EU,FRO,Frontignan AV Sac
SOCCER-EU,VIL,Villeneuve D'Ascq Metropole
SOCCER-EU,VAN,Vannes OC
SOCCER-EU,SMO,Stade Montois FC
SOCCER-EU,BEZ,AS Beziers
SOCCER-EU,LEM,Le Mans UC 72
SOCCER-EU,POI,Poire Sur Vie
SOCCER-EU,EPI,Epinal
SOCCER-EU,MAR,Marcq
SOCCER-EU,SRU,Sarre Union
SOCCER-EU,BLO,Blois Foot
SOCCER-EU,BRE,Stade Brest
SOCCER-EU,CTH,FC Chambly
SOCCER-EU,LON,Longueau ESC
SOCCER-EU,GOL,Golden Lion FC
SOCCER-EU,EXC,Excelsior AS
SOCCER-EU,COM,AFC Compiegne
SOCCER-EU,YTR,Ytrac F
SOCCER-EU,TRY,Troyes AC
SOCCER-EU,TOU,Toulouse Rodeo FC
SOCCER-EU,CAB,CA Bastia
SOCCER-EU,UFM,UF Maconnais
SOCCER-EU,CON,Concarneau
SOCCER-EU,RLG,Rannee-La Guerche
SOCCER-EU,SED,Sedan-Ardennes
SOCCER-EU,STR,Racing Strasbourg
SOCCER-EU,FC ,FC Hauts Lyonnais
SOCCER-EU,LOC,Locmine S Co
SOCCER-EU,LPS,Le Portel Stade
SOCCER-EU,MAU,US Maubeuge
SOCCER-EU,ASC,SC Amiens
SOCCER-EU,ASM,AS Monaco
SOCCER-EU,MEZ,AS Prix Les Mezieres
SOCCER-EU,ETA,Etaples
SOCCER-EU,PAU,Pau FC
SOCCER-EU,ST ,St Marcellin
SOCCER-EU,RED,Red Star FC
SOCCER-EU,SCB,SC Bastia
SOCCER-EU,AND,Andrezieux Boutheon
SOCCER-EU,RCL,RC Lens
SOCCER-EU,FEI,SC Feignies
SOCCER-EU,POI,Poitiers Foot
SOCCER-EU,ESW,ES Wasquehal
SOCCER-EU,MHSC,Montpellier HSC
SOCCER-EU,FCM,FC Metz
SOCCER-EU,SAU,Saumur Olympique
SOCCER-EU,BLA,Blagnac
SOCCER-EU,PON,Pontivy GSI
SOCCER-EU,ACH,Avoine Chinon
SOCCER-EU,OL,Olympique Lyon
SOCCER-EU,SRFC,Stade Rennes
SOCCER-EU,GAJ,Gazelec Ajaccio
SOCCER-EU,TBF,Tarbes Pyrenees
SOCCER-EU,FCL,FC Lorient
SOCCER-EU,AVR,US Avranches
SOCCER-EU,MON,US Montagnarde
SOCCER-EU,USG,US Granville
SOCCER-EU,FC ,FC Bords de Saone
SOCCER-EU,KAY,Kaysersberg
SOCCER-EU,USF,U.S. Fleury
SOCCER-EU,REI,Stade Reims
SOCCER-EU,US ,US St Serninoise
SOCCER-EU,MAG,A S Magenta
SOCCER-EU,ORL,US Orleans 45
SOCCER-EU,ADR,AS Dragon
SOCCER-EU,LOSC,Lille OSC
SOCCER-EU,HER,Les Herbiers
SOCCER-EU,JEA,Jeanne d' Arc
SOCCER-EU,SOX,FC Sochaux
SOCCER-EU,BIA,Biarritz JA
SOCCER-EU,ASNL,AS Nancy
SOCCER-EU,LUN,Luneville FC
SOCCER-EU,TFC,Toulouse FC
SOCCER-EU,BER,Bergerac Perigord FC
SOCCER-EU,BOB,Bobigny AC
SOCCER-EU,AS ,AS Erstein
SOCCER-EU,FCN,FC Nantes
SOCCER-EU,CLU,Cluses Scionzier
SOCCER-EU,VAL,Valenciennes FC
SOCCER-EU,SRFC,Stade Rennes
SOCCER-EU,CLE,Clermont Foot
SOCCER-EU,FCL,FC Lorient
SOCCER-EU,PAR,Paris FC 98
SOCCER-EU,LAV,Stade Lavallois MFC
SOCCER-EU,NIM,Olympique Nimes
SOCCER-EU,SMC,SM Caen
SOCCER-EU,SCO,SCO Angers
SOCCER-EU,TRY,Troyes AC
SOCCER-EU,FCM,FC Metz
SOCCER-EU,TFC,Toulouse FC
SOCCER-EU,CHA,LB Chateauroux
SOCCER-EU,OGCN,OGC Nice
SOCCER-EU,VAL,Valenciennes FC
SOCCER-EU,CRE,US Creteil
SOCCER-EU,BRE,Stade Brest
SOCCER-EU,GAJ,Gazelec Ajaccio
SOCCER-EU,MHSC,Montpellier HSC
SOCCER-EU,FCN,FC Nantes
SOCCER-EU,TOU,Tours FC
SOCCER-EU,ASNL,AS Nancy
SOCCER-EU,OL,Olympique Lyon
SOCCER-EU,BOU,Bourg Peronnas
SOCCER-EU,CNI,Chamois Niort FC
SOCCER-EU,ASM,AS Monaco
SOCCER-EU,ORL,US Orleans 45
SOCCER-EU,SOX,FC Sochaux
SOCCER-EU,REI,Stade Reims
SOCCER-EU,EAG,EA Guingamp
SOCCER-EU,STR,Racing Strasbourg
SOCCER-EU,FCGB,FC Girondins Bordeaux
SOCCER-EU,LOSC,Lille OSC
SOCCER-EU,RCL,RC Lens
SOCCER-EU,OM,Olympique Marseille
SOCCER-EU,SCB,SC Bastia
SOCCER-EU,PSG,Paris St Germain
SOCCER-EU,DFCO,Dijon FCO
SOCCER-EU,ASC,SC Amiens
SOCCER-EU,ASSE,AS Saint Etienne
SOCCER-EU,HAV,AC Havre
SOCCER-EU,AJA,AC Ajaccio
SOCCER-EU,RED,Red Star FC
SOCCER-EU,AUX,AJ Auxerre
SOCCER-EU,OM,Olympique Marseille
SOCCER-EU,FCM,FC Metz
SOCCER-EU,LOSC,Lille OSC
SOCCER-EU,OGCN,OGC Nice
SOCCER-EU,SMC,SM Caen
SOCCER-EU,SCO,SCO Angers
SOCCER-EU,MHSC,Montpellier HSC
SOCCER-EU,ASSE,AS Saint Etienne
SOCCER-EU,FCL,FC Lorient
SOCCER-EU,OL,Olympique Lyon
SOCCER-EU,DFCO,Dijon FCO
SOCCER-EU,EAG,EA Guingamp
SOCCER-EU,SCB,SC Bastia
SOCCER-EU,TFC,Toulouse FC
SOCCER-EU,FCGB,FC Girondins Bordeaux
SOCCER-EU,ASNL,AS Nancy
SOCCER-EU,ASM,AS Monaco
SOCCER-EU,PSG,Paris St Germain
SOCCER-EU,SRFC,Stade Rennes
SOCCER-EU,FCN,FC Nantes
SOCCER-EU,UCA,Ucam Murcia
SOCCER-EU,CAD,Cadiz CF
SOCCER-EU,GET,Getafe CF
SOCCER-EU,LEV,Levante UD
SOCCER-EU,RVC,Rayo Vallecano
SOCCER-EU,LUG,CD Lugo
SOCCER-EU,RVA,Real Valladolid
SOCCER-EU,ZAR,Real Zaragoza
SOCCER-EU,GIM,Gimnastic de Tarragona
SOCCER-EU,ALC,Alcorcon AD
SOCCER-EU,MAL,RCD Mallorca
SOCCER-EU,NUM,Numancia CD
SOCCER-EU,HUE,SD Huesca
SOCCER-EU,TEN,Tenerife CD
SOCCER-EU,OVI,Real Oviedo
SOCCER-EU,REU,CF Reus Deportiu
SOCCER-EU,GIR,Girona FC
SOCCER-EU,ELC,Elche CF
SOCCER-EU,MIR,CD Mirandes
SOCCER-EU,ALM,UD Almeria
SOCCER-EU,COR,Cordoba CF
SOCCER-EU,SAT,Sevilla Atletico
SOCCER-EU,MAD,Real Madrid
SOCCER-EU,AEP,AE Prat
SOCCER-EU,LLE,Lleida Esportiu
SOCCER-EU,UDI,Real Union de Irun
SOCCER-EU,SOC,Real Sociedad
SOCCER-EU,UBC,Ub Conquense
SOCCER-EU,LEG,CD Leganes
SOCCER-EU,COR,UD Cornella
SOCCER-EU,ALC,Alcorcon AD
SOCCER-EU,LOG,UD Logrones
SOCCER-EU,LEO,Cultural Leonesa
SOCCER-EU,EXT,UD Extremadura
SOCCER-EU,CAU,Caudal Deportivo
SOCCER-EU,REU,CF Reus Deportiu
SOCCER-EU,SDE,SD Eibar
SOCCER-EU,AND,Andorra CF
SOCCER-EU,SOC,UD Socuellamos CF
SOCCER-EU,RVC,Rayo Vallecano
SOCCER-EU,COR,Cordoba CF
SOCCER-EU,CEV,Celta de Vigo
SOCCER-EU,GUI,CD Guijuelo
SOCCER-EU,GIJ,Sporting Gijon
SOCCER-EU,ALA,CD Alaves
SOCCER-EU,VIL,Villarreal CF
SOCCER-EU,ATL,Atl Mancha Real
SOCCER-EU,BIL,Athletic Bilbao
SOCCER-EU,ZAR,Real Zaragoza
SOCCER-EU,BCF,Barakaldo CF
SOCCER-EU,SSR,San Sebastian Reyes
SOCCER-EU,ALB,Albacete Balompie
SOCCER-EU,GIM,Gimnastic de Tarragona
SOCCER-EU,OVI,Real Oviedo
SOCCER-EU,LOR,Lorca CF
SOCCER-EU,ATM,Atletico Madrid
SOCCER-EU,RDF,Racing de Ferrol
SOCCER-EU,BTB,Real Betis Balompie
SOCCER-EU,COR,Deportivo La Coruna
SOCCER-EU,TUD,CD Tudelano
SOCCER-EU,BUR,Burgos CF
SOCCER-EU,VAL,Valencia CF
SOCCER-EU,CA ,CA Cirbonero
SOCCER-EU,GRA,Granada CF
SOCCER-EU,SDA,SD Amorebieta
SOCCER-EU,ZAM,Zamora CF
SOCCER-EU,LEV,Levante UD
SOCCER-EU,SEV,Sevilla FC
SOCCER-EU,SAN,Racing Santander
SOCCER-EU,TEN,Tenerife CD
SOCCER-EU,LOR,Lorca Deportiva CF
SOCCER-EU,MIR,CD Mirandes
SOCCER-EU,GET,Getafe CF
SOCCER-EU,CAR,FC Cartagena
SOCCER-EU,NUM,Numancia CD
SOCCER-EU,LAP,Las Palmas UD
SOCCER-EU,ATL,Atletico Saguntino
SOCCER-EU,LLA,UE Llagostera
SOCCER-EU,CD ,CD Calahorra
SOCCER-EU,BAR,FC Barcelona
SOCCER-EU,GIR,Girona FC
SOCCER-EU,TOS,CD Toledo Sad
SOCCER-EU,SER,Sestao River Club
SOCCER-EU,PON,SD Ponferradina
SOCCER-EU,ALM,UD Almeria
SOCCER-EU,MAL,RCD Mallorca
SOCCER-EU,HUE,SD Huesca
SOCCER-EU,OSA,CA Osasuna
SOCCER-EU,VSB,UD Villa Santa Brigida
SOCCER-EU,ZAM,SD Zamudio
SOCCER-EU,ELC,Elche CF
SOCCER-EU,HER,Hercules CF
SOCCER-EU,LAR,CD Laredo
SOCCER-EU,CAD,Cadiz CF
SOCCER-EU,ESP,Espanyol Barcelona
SOCCER-EU,LUG,CD Lugo
SOCCER-EU,MGA,Malaga CF
SOCCER-EU,ASA,Atletico Sanluqueno
SOCCER-EU,CD ,CD Boiro
SOCCER-EU,RVA,Real Valladolid
SOCCER-EU,MUR,Real Murcia CF
SOCCER-EU,GET,Arenas Club de Getxo
SOCCER-EU,ALC,CD Alcoyano
SOCCER-EU,FOR,SD Formentera
SOCCER-EU,UCA,Ucam Murcia
SOCCER-EU,GRA,Granada CF
SOCCER-EU,ESP,Espanyol Barcelona
SOCCER-EU,ALA,CD Alaves
SOCCER-EU,BIL,Athletic Bilbao
SOCCER-EU,SEV,Sevilla FC
SOCCER-EU,COR,Deportivo La Coruna
SOCCER-EU,MGA,Malaga CF
SOCCER-EU,CEV,Celta de Vigo
SOCCER-EU,SOC,Real Sociedad
SOCCER-EU,MAD,Real Madrid
SOCCER-EU,BTB,Real Betis Balompie
SOCCER-EU,BAR,FC Barcelona
SOCCER-EU,VIL,Villarreal CF
SOCCER-EU,OSA,CA Osasuna
SOCCER-EU,VAL,Valencia CF
SOCCER-EU,LAP,Las Palmas UD
SOCCER-EU,LEG,CD Leganes
SOCCER-EU,GIJ,Sporting Gijon
SOCCER-EU,SDE,SD Eibar
SOCCER-EU,ATM,Atletico Madrid
SOCCER-EU,CYP,Cyprus
SOCCER-EU,AND,Andorra
SOCCER-EU,BEL,Belgium
SOCCER-EU,WAL,Wales
SOCCER-EU,BIH,Bosnia & Herzegovina
SOCCER-EU,ISR,Israel
SOCCER-EU,SUI,Switzerland
SOCCER-EU,LTU,Lithuania
SOCCER-EU,SMR,San Marino
SOCCER-EU,EST,Estonia
SOCCER-EU,ENG,England
SOCCER-EU,SLO,Slovenia
SOCCER-EU,SWE,Sweden
SOCCER-EU,RUS,Russia
SOCCER-EU,MDA,Moldova
SOCCER-EU,MNE,Montenegro
SOCCER-EU,AUT,Austria
SOCCER-EU,LIE,Liechtenstein
SOCCER-EU,NOR,Norway
SOCCER-EU,MLT,Malta
SOCCER-EU,ITA,Italy
SOCCER-EU,AZE,Azerbaijan
SOCCER-EU,CRO,Croatia
SOCCER-EU,BUL,Bulgaria
SOCCER-EU,NIR,Northern Ireland
SOCCER-EU,ROU,Romania
SOCCER-EU,FRO,Faroe Islands
SOCCER-EU,FIN,Finland
SOCCER-EU,GRE,Greece
SOCCER-EU,HUN,Hungary
SOCCER-EU,ARM,Armenia
SOCCER-EU,POR,Portugal
SOCCER-EU,SRB,Serbia
SOCCER-EU,DEN,Denmark
SOCCER-EU,ALB,Albania
SOCCER-EU,CZE,Czech Republic
SOCCER-EU,NED,Netherlands
SOCCER-EU,TUR,Turkey
SOCCER-EU,ISL,Iceland
SOCCER-EU,KAZ,Kazakhstan
SOCCER-EU,LAT,Latvia
SOCCER-EU,BIH,Bosnia & Herzegovina
SOCCER-EU,DEN,Denmark
SOCCER-EU,HUN,Hungary
SOCCER-EU,NOR,Norway
SOCCER-EU,SWE,Sweden
SOCCER-EU,IRL,Republic of Ireland
SOCCER-EU,SLO,Slovenia
SOCCER-EU,UKR,Ukraine
SOCCER-EU,UKR,Ukraine
SOCCER-EU,ESP,Spain
SOCCER-EU,LUX,Luxembourg
SOCCER-EU,BLR,Belarus
SOCCER-EU,SVK,Slovakia
SOCCER-EU,MKD,Macedonia
SOCCER-EU,POL,Poland
SOCCER-EU,SCO,Scotland
SOCCER-EU,IRL,Republic of Ireland
SOCCER-EU,GEO,Georgia
SOCCER-EU,GIB,Gibraltar
SOCCER-EU,GER,Germany
SOCCER-EU,RUS,Russia
SOCCER-EU,ENG,England
SOCCER-EU,SVK,Slovakia
SOCCER-EU,WAL,Wales
SOCCER-EU,SUI,Switzerland
SOCCER-EU,ROU,Romania
SOCCER-EU,ALB,Albania
SOCCER-EU,FRA,France
SOCCER-EU,POR,Portugal
SOCCER-EU,BEL,Belgium
SOCCER-EU,ITA,Italy
SOCCER-EU,SUI,Switzerland
SOCCER-EU,GER,Germany
SOCCER-EU,ISL,Iceland
SOCCER-EU,IRL,Republic of Ireland
SOCCER-EU,FRA,France
SOCCER-EU,NIR,Northern Ireland
SOCCER-EU,WAL,Wales
SOCCER-EU,SVK,Slovakia
SOCCER-EU,HUN,Hungary
SOCCER-EU,ENG,England
SOCCER-EU,POL,Poland
SOCCER-EU,CRO,Croatia
SOCCER-EU,ESP,Spain
SOCCER-EU,ITA,Italy
SOCCER-EU,BEL,Belgium
SOCCER-EU,SWE,Sweden
SOCCER-EU,IRL,Republic of Ireland
SOCCER-EU,HUN,Hungary
SOCCER-EU,ISL,Iceland
SOCCER-EU,AUT,Austria
SOCCER-EU,POR,Portugal
SOCCER-EU,GER,Germany
SOCCER-EU,UKR,Ukraine
SOCCER-EU,NIR,Northern Ireland
SOCCER-EU,POL,Poland
SOCCER-EU,TUR,Turkey
SOCCER-EU,CZE,Czech Republic
SOCCER-EU,ESP,Spain
SOCCER-EU,CRO,Croatia
SOCCER-EU,FIN,Finland
SOCCER-EU,TUN,Tunisia
SOCCER-EU,SVK,Slovakia
SOCCER-EU,KSA,Saudi Arabia
SOCCER-EU,ZIM,Zimbabwe
SOCCER-EU,ESP,Spain
SOCCER-EU,BER,Bermuda
SOCCER-EU,QAT,Qatar
SOCCER-EU,COD,DR Congo
SOCCER-EU,POR,Portugal
SOCCER-EU,FRA,France
SOCCER-EU,IRL,Republic of Ireland
SOCCER-EU,SLO,Slovenia B
SOCCER-EU,ENG,England
SOCCER-EU,SRB,Serbia
SOCCER-EU,GER,Germany
SOCCER-EU,CRO,Croatia
SOCCER-EU,BUR,Burkina Faso
SOCCER-EU,CHI,Chile
SOCCER-EU,RUS,Russia
SOCCER-EU,BEL,Belgium
SOCCER-EU,CHN,China
SOCCER-EU,ISL,Iceland
SOCCER-EU,MAR,Morocco
SOCCER-EU,UGA,Uganda
SOCCER-EU,BRA,Brazil
SOCCER-EU,ALG,Algeria
SOCCER-EU,CAN,Canada
SOCCER-EU,CIV,Ivory Coast
SOCCER-EU,MDA,Moldova
SOCCER-EU,USA,USA
SOCCER-EU,SWE,Sweden
SOCCER-EU,JAM,Jamaica
SOCCER-EU,EGY,Egypt
SOCCER-EU,MEX,Mexico
SOCCER-EU,MLI,Mali
SOCCER-EU,CMR,Cameroon
SOCCER-EU,COL,Colombia
SOCCER-EU,MTN,Mauritania
SOCCER-EU,STU,VfB Stuttgart
SOCCER-EU,FCB,Bayern Munich
SOCCER-EU,FUR,Greuther Furth
SOCCER-EU,FRA,Eintracht Frankfurt
SOCCER-EU,SCF,SC Freiburg
SOCCER-EU,MSV,MSV Duisburg
SOCCER-EU,VIL,FC 08 Villingen
SOCCER-EU,AUE,Erzgebirge Aue
SOCCER-EU,COL,1 FC Cologne
SOCCER-EU,ING,FC Ingolstadt
SOCCER-EU,RAV,FV Ravensburg
SOCCER-EU,LOT,SF Lotte
SOCCER-EU,HAN,Hannover 96
SOCCER-EU,SAN,SV Sandhausen
SOCCER-EU,MUN,1860 Munich
SOCCER-EU,ARM,Arminia Bielefeld
SOCCER-EU,BVB,Borussia Dortmund
SOCCER-EU,WOL,VfL Wolfsburg
SOCCER-EU,PAU,FC St. Pauli
SOCCER-EU,AUG,FC Augsburg
SOCCER-EU,HER,Hertha BSC
SOCCER-EU,EBR,Eintracht Braunschweig
SOCCER-EU,DUS,Fortuna Dusseldorf
SOCCER-EU,D98,SV Darmstadt 98
SOCCER-EU,UNI,FC Union Berlin
SOCCER-EU,PRB,BFC Preussen Berlin
SOCCER-EU,SGW,SG Wattenscheid 09
SOCCER-EU,JEN,Carl Zeiss Jena
SOCCER-EU,DDD,Dynamo Dresden
SOCCER-EU,RWE,Rot-Weiss Essen
SOCCER-EU,HSV,Hamburger SV
SOCCER-EU,FCN,1 FC Nuremberg
SOCCER-EU,BMG,Monchengladbach
SOCCER-EU,GEL,1 FC Germ Egestorf/Langreder
SOCCER-EU,HFC,Hallescher FC
SOCCER-EU,LEV,Bayer Leverkusen
SOCCER-EU,SVW,Werder Bremen
SOCCER-EU,HRO,Hansa Rostock
SOCCER-EU,BOC,VfL Bochum
SOCCER-EU,FCK,1 FC Kaiserslautern
SOCCER-EU,VCO,FC Viktoria Cologne
SOCCER-EU,RBL,RB Leipzig
SOCCER-EU,MAI,1 FSV Mainz 05
SOCCER-EU,HOF,1899 Hoffenheim
SOCCER-EU,S04,FC Schalke 04
SOCCER-EU,TRI,Eintracht Trier
SOCCER-EU,FCM,FC Magdeburg
SOCCER-EU,DRO,SV Drochtersen/Assel
SOCCER-EU,HEI,1 FC Heidenheim
SOCCER-EU,ZWI,FSV Zwickau
SOCCER-EU,WAL,Astoria Walldorf
SOCCER-EU,NOR,Eintracht Norderstedt
SOCCER-EU,JRE,SSV Jahn Regensburg
SOCCER-EU,WUR,FC Kickers Wurzburg
SOCCER-EU,OFC,Offenbacher Kickers
SOCCER-EU,LUB,VfB Lubeck
SOCCER-EU,BRE,Bremer SV
SOCCER-EU,UHA,SpVgg Unterhaching
SOCCER-EU,BAB,SV Babelsberg
SOCCER-EU,KSC,Karlsruher SC
SOCCER-EU,SCP,SC Paderborn
SOCCER-EU,HOM,FC Homburg
SOCCER-EU,HAU,SC Hauenstein
SOCCER-EU,FSV,FSV Frankfurt
SOCCER-EU,HOF,1899 Hoffenheim
SOCCER-EU,S04,FC Schalke 04
SOCCER-EU,HER,Hertha BSC
SOCCER-EU,SCF,SC Freiburg
SOCCER-EU,HSV,Hamburger SV
SOCCER-EU,BMG,Monchengladbach
SOCCER-EU,BVB,Borussia Dortmund
SOCCER-EU,AUG,FC Augsburg
SOCCER-EU,FRA,Eintracht Frankfurt
SOCCER-EU,SVW,Werder Bremen
SOCCER-EU,LEV,Bayer Leverkusen
SOCCER-EU,ING,FC Ingolstadt
SOCCER-EU,MAI,1 FSV Mainz 05
SOCCER-EU,RBL,RB Leipzig
SOCCER-EU,WOL,VfL Wolfsburg
SOCCER-EU,FCB,Bayern Munich
SOCCER-EU,D98,SV Darmstadt 98
SOCCER-EU,COL,1 FC Cologne
SOCCER-EU,OSS,Ostersunds FK
SOCCER-EU,ELF,IF Elfsborg
SOCCER-EU,HAC,BK Hacken
SOCCER-EU,HIF,Hammarby IF
SOCCER-EU,HEL,Helsingborgs IF
SOCCER-EU,JOS,Jonkopings Sodra
SOCCER-EU,IFK,IFK Gothenburg
SOCCER-EU,MAL,Malmo FF
SOCCER-EU,FFF,Falkenbergs FF
SOCCER-EU,GEF,Gefle IF
SOCCER-EU,DJU,Djurgardens IF
SOCCER-EU,AIK,AIK
SOCCER-EU,SUN,GIF Sundsvall
SOCCER-EU,OSK,Orebro SK
SOCCER-EU,NKP,IFK Norrkoping
SOCCER-EU,KAL,Kalmar FF
SOCCER-EU,HAL,Halmstads BK
SOCCER-EU,HEL,Helsingborgs IF
SOCCER-EU,STA,Juve Stabia
SOCCER-EU,CAR,Caronnese
SOCCER-EU,TER,Teramo Calcio
SOCCER-EU,SPA,Spal 2013
SOCCER-EU,FRO,Frosinone Calcio
SOCCER-EU,BAR,FC Bari 1908
SOCCER-EU,CRE,US Cremonese
SOCCER-EU,MAT,Matera FC
SOCCER-EU,BAS,Bassano Virtus
SOCCER-EU,BRE,Brescia Calcio
SOCCER-EU,TUT,Tuttocuoio
SOCCER-EU,TRA,Trapani Calcio
SOCCER-EU,EMP,FC Empoli
SOCCER-EU,INT,Inter Milan
SOCCER-EU,USC,US Casertana 1908
SOCCER-EU,UDI,Udinese Calcio
SOCCER-EU,LEC,US Lecce
SOCCER-EU,TER,Ternana Calcio
SOCCER-EU,GRO,US Grosseto
SOCCER-EU,COR,FC Crotone
SOCCER-EU,MON,Valdinievole Montecatini
SOCCER-EU,FOG,Foggia Calcio
SOCCER-EU,COM,Como Calcio
SOCCER-EU,SAM,Sampdoria Genoa
SOCCER-EU,FIO,ACF Fiorentina
SOCCER-EU,CHI,AC Chievo Verona
SOCCER-EU,USF,Unione Sportiva Fermana
SOCCER-EU,FRV,Francavilla 1931
SOCCER-EU,ARE,US Arezzo
SOCCER-EU,CAM,ACD Campodarsego Calcio
SOCCER-EU,SPE,Spezia Calcio
SOCCER-EU,ENT,Virtus Entella
SOCCER-EU,CIT,AS Cittadella
SOCCER-EU,PON,Pontedera
SOCCER-EU,BOL,Bologna FC
SOCCER-EU,ALT,Altovicentino
SOCCER-EU,SEC,Seregno Calcio
SOCCER-EU,ACA,US Ancona 1905
SOCCER-EU,MES,Messina FC
SOCCER-EU,VER,Pro Vercelli
SOCCER-EU,ATA,Atalanta Bergamasca
SOCCER-EU,PES,Pescara Calcio
SOCCER-EU,NOV,Novara Calcio
SOCCER-EU,VER,Hellas Verona
SOCCER-EU,TUR,Turin FC
SOCCER-EU,ROB,Robur Siena
SOCCER-EU,ALE,Alessandria Calcio
SOCCER-EU,JUV,Juventus Turin
SOCCER-EU,PER,Perugia
SOCCER-EU,PAL,US Palermo
SOCCER-EU,LAZ,Lazio Roma
SOCCER-EU,FES,AC Feralpi Salo
SOCCER-EU,LAT,Latina Calcio
SOCCER-EU,MAC,Maceratese
SOCCER-EU,REG,AC Reggiana
SOCCER-EU,ROM,AS Roma
SOCCER-EU,CES,AC Cesena
SOCCER-EU,ACM,AC Milan
SOCCER-EU,CAR,Carrarese Calcio
SOCCER-EU,AVE,AS Avellino
SOCCER-EU,NAP,SSC Napoli
SOCCER-EU,POR,Pordenone
SOCCER-EU,NEF,Nerostellati Frattese
SOCCER-EU,PAD,Calcio Padova
SOCCER-EU,BEN,Benevento Calcio
SOCCER-EU,SAL,Sportiva Salernitana
SOCCER-EU,LIV,AS Livorno
SOCCER-EU,FCS,FC Sudtirol
SOCCER-EU,MOD,FC Modena
SOCCER-EU,PIS,SC Pisa
SOCCER-EU,SAS,US Sassuolo
SOCCER-EU,GEN,Genoa FC
SOCCER-EU,AND,Fidelis Andria
SOCCER-EU,CFC,Carpi FC
SOCCER-EU,COS,Cosenza Calcio
SOCCER-EU,VIC,Vicenza Calcio
SOCCER-EU,ASC,Ascoli
SOCCER-EU,CAG,Cagliari Calcio
SOCCER-EU,UDI,Udinese Calcio
SOCCER-EU,SAM,Sampdoria Genoa
SOCCER-EU,EMP,FC Empoli
SOCCER-EU,FIO,ACF Fiorentina
SOCCER-EU,INT,Inter Milan
SOCCER-EU,PES,Pescara Calcio
SOCCER-EU,PAL,US Palermo
SOCCER-EU,CHI,AC Chievo Verona
SOCCER-EU,SAS,US Sassuolo
SOCCER-EU,BOL,Bologna FC
SOCCER-EU,ACM,AC Milan
SOCCER-EU,JUV,Juventus Turin
SOCCER-EU,ROM,AS Roma
SOCCER-EU,TUR,Turin FC
SOCCER-EU,GEN,Genoa FC
SOCCER-EU,ATA,Atalanta Bergamasca
SOCCER-EU,CAG,Cagliari Calcio
SOCCER-EU,COR,FC Crotone
SOCCER-EU,NAP,SSC Napoli
SOCCER-EU,LAZ,Lazio Roma
SOCCER-EU,IKL,Iraklis 1908
SOCCER-EU,PLA,Platanias FC
SOCCER-EU,AST,Asteras Tripolis
SOCCER-EU,OLY,Olympiacos FC
SOCCER-EU,PAO,PAOK FC
SOCCER-EU,PAN,Panionios Athens
SOCCER-EU,AEL,Larissa
SOCCER-EU,VER,Veroia FC
SOCCER-EU,AEK,AEK Athens FC
SOCCER-EU,PAN,Panathinaikos Athens
SOCCER-EU,KAS,AO Kassiopi
SOCCER-EU,LEV,Levadiakos FC
SOCCER-EU,GIA,PAS Giannina FC
SOCCER-EU,PAN,Panaitolikos
SOCCER-EU,ATR,Atromitos Athens
SOCCER-EU,XAN,A.O Xanthi
SOCCER-EU,STU,SK Sturm Graz
SOCCER-EU,ALT,SCR Altach
SOCCER-EU,RBS,RB Salzburg
SOCCER-EU,SCR,SK Rapid Vienna
SOCCER-EU,SVM,SV Mattersburg
SOCCER-EU,ADM,Admira Wacker
SOCCER-EU,WAC,Wolfsberger AC
SOCCER-EU,SKN,SKN St. Polten
SOCCER-EU,SVR,SV Ried
SOCCER-EU,AUS,FK Austria Vienna
SOCCER-EU,RUB,FC Rubin Kazan
SOCCER-EU,KRY,FC Kryliya Sovetov Samara
SOCCER-EU,LOK,FC Lokomotiv Moscow
SOCCER-EU,TER,RFK Terek Grozny
SOCCER-EU,ZEN,FC Zenit St Petersburg
SOCCER-EU,ROS,FC Rostov
SOCCER-EU,TOM,FC Tom Tomsk
SOCCER-EU,SPA,FC Spartak Moscow
SOCCER-EU,URA,FC Ural Yekaterinburg
SOCCER-EU,AMK,FC Amkar Perm
SOCCER-EU,TUL,Arsenal Tula
SOCCER-EU,ANZ,FC Anzhi Makhachkala
SOCCER-EU,CSK,CSKA Moscow
SOCCER-EU,ORE,FC Orenburg
SOCCER-EU,UFA,FC Ufa
SOCCER-EU,KRA,FC Krasnodar
SOCCER-EU,ALA,Alanyaspor
SOCCER-EU,KAR,Kardemir Karabukspor
SOCCER-EU,GEN,Genclerbirligi
SOCCER-EU,KAY,Kayserispor
SOCCER-EU,BUR,Bursaspor
SOCCER-EU,TRA,Trabzonspor
SOCCER-EU,BAS,Basaksehir FK
SOCCER-EU,ANT,Antalyaspor
SOCCER-EU,AKH,Akhisar Bld Spor
SOCCER-EU,FEN,Fenerbahce
SOCCER-EU,KON,Atiker Konyaspor 1922
SOCCER-EU,RIZ,Caykur Rizespor
SOCCER-EU,ADA,Adanaspor
SOCCER-EU,KAS,Kasimpasa
SOCCER-EU,OSM,Osmanlispor FK
SOCCER-EU,BES,Besiktas JK
SOCCER-EU,GAL,Galatasaray Istanbul
SOCCER-EU,GAZ,Gaziantepspor
SOCCER-EU,MOT,Motherwell FC
SOCCER-EU,KIL,Kilmarnock FC
SOCCER-EU,DUN,FC Dundee
SOCCER-EU,INV,Inverness Caledonian Thistle
SOCCER-EU,ROS,Ross County FC
SOCCER-EU,RAN,Rangers FC
SOCCER-EU,CEL,Celtic FC
SOCCER-EU,JOH,FC St Johnstone
SOCCER-EU,HEA,Heart of Midlothian
SOCCER-EU,ABE,Aberdeen FC
SOCCER-EU,PAR,Partick Thistle
SOCCER-EU,HAM,Hamilton Academical
SOCCER-EU,ZOR,FC Zorya Lugansk
SOCCER-EU,CHE,Chernomorets Odessa
SOCCER-EU,DYK,FC Dynamo Kiev
SOCCER-EU,DNI,FC Dnipro
SOCCER-EU,POL,Vorskla Poltava
SOCCER-EU,OLE,FC Oleksandria
SOCCER-EU,KAR,Karpaty Lviv
SOCCER-EU,KAM,Stal Kamyanske
SOCCER-EU,OLD,Olimpik Donetsk
SOCCER-EU,SHA,FC Shakhtar Donetsk
SOCCER-EU,ZKR,Zirka Kropyvnytskyi
SOCCER-EU,VOL,Volyn Lutsk
SOCCER-EU,HEE,SC Heerenveen
SOCCER-EU,GAE,Go Ahead Eagles
SOCCER-EU,SBV,SBV Excelsior
SOCCER-EU,SPA,Sparta Rotterdam
SOCCER-EU,FCU,FC Utrecht
SOCCER-EU,FCG,FC Groningen
SOCCER-EU,AJA,Ajax Amsterdam
SOCCER-EU,WIL,Willem II Tilburg
SOCCER-EU,NIJ,NEC Nijmegen
SOCCER-EU,TWE,FC Twente Enschede
SOCCER-EU,FEY,Feyenoord Rotterdam
SOCCER-EU,AZA,AZ Alkmaar
SOCCER-EU,ZWO,PEC Zwolle
SOCCER-EU,ADO,ADO Den Haag
SOCCER-EU,VIT,Vitesse Arnhem
SOCCER-EU,ROD,Roda JC Kerkrade
SOCCER-EU,PSV,PSV Eindhoven
SOCCER-EU,HER,Heracles Almelo
SOCCER-EU,SLA,WKS Slask Wroclaw
SOCCER-EU,GOR,Gornik Leczna
SOCCER-EU,ZAG,KGHM Zaglebie Lubin
SOCCER-EU,LEC,KKS Lech Poznan
SOCCER-EU,LEG,Legia Warsaw
SOCCER-EU,GLI,GKS Piast Gliwice
SOCCER-EU,NIE,Termalica Bruk-Bet Nieciecza
SOCCER-EU,POG,MKS Pogon Szczecin
SOCCER-EU,LEC,KS Lechia Gdansk
SOCCER-EU,KOR,Korona Kielce SA
SOCCER-EU,CRA,KS Cracovia
SOCCER-EU,JAG,Jagiellonia Bialystok
SOCCER-EU,CHO,Ruch Chorzow
SOCCER-EU,ARK,Arka Gdynia 1929
SOCCER-EU,WIS,Wisla Krakow SA
SOCCER-EU,WIS,Wisla Plock SA
SOCCER-EU,VIB,Viborg FF
SOCCER-EU,ESB,Esbjerg FB
SOCCER-EU,HOR,AC Horsens
SOCCER-EU,SON,SonderjyskE
SOCCER-EU,SIL,Silkeborg IF
SOCCER-EU,BRO,Brondby IF
SOCCER-EU,RAN,Randers FC
SOCCER-EU,FCN,FC Nordsjalland
SOCCER-EU,AGF,AGF Aarhus
SOCCER-EU,MJY,FC Midtjylland
SOCCER-EU,ODE,Odense BK
SOCCER-EU,FCC,FC Copenhagen
SOCCER-EU,AAB,Aalborg BK
SOCCER-EU,LBY,Lyngby BK
SOCCER-EU,OOS,KV Oostende
SOCCER-EU,GEN,KRC Genk
SOCCER-EU,LOK,Sporting Lokeren
SOCCER-EU,KAA,KAA Gent
SOCCER-EU,STT,St. Truidense VV
SOCCER-EU,YRM,Yellow-Red KV Mechelen
SOCCER-EU,BRU,Club Brugge
SOCCER-EU,KOR,KV Kortrijk
SOCCER-EU,EUP,AS Eupen
SOCCER-EU,RCH,Royal Charleroi SC
SOCCER-EU,ZUL,SV Zulte Waregem
SOCCER-EU,RSC,RSC Anderlecht
SOCCER-EU,STL,Standard Liege
SOCCER-EU,WES,KVC Westerlo
SOCCER-EU,RMP,Royal Mouscron
SOCCER-EU,RSW,Waasland-Beveren
SOCCER-EU,DUN,Dundalk FC
SOCCER-EU,SLR,Sligo Rovers FC
SOCCER-EU,FHA,Finn Harps FC
SOCCER-EU,WEX,Wexford Youths FC
SOCCER-EU,COR,Cork City FC
SOCCER-EU,GAL,Galway United FC
SOCCER-EU,DER,Derry City FC
SOCCER-EU,SHA,Shamrock Rovers FC
SOCCER-EU,STP,Saint Patrick's Athletic FC
SOCCER-EU,BRA,Bray Wanderers AFC
SOCCER-EU,BOH,Bohemians Dublin FC
SOCCER-EU,LON,Longford Town FC
SOCCER-EU,WEX,Wexford Youths FC
SOCCER-EU,DRO,Drogheda United FC
SOCCER-EU,FCB,FC Basel
SOCCER-EU,VAD,FC Vaduz
SOCCER-EU,YBB,Young Boys Bern
SOCCER-EU,THU,FC Thun
SOCCER-EU,LUZ,FC Luzern
SOCCER-EU,STG,FC St. Gallen
SOCCER-EU,LSP,FC Lausanne-Sport
SOCCER-EU,SIO,FC Sion
SOCCER-EU,LUG,FC Lugano
SOCCER-EU,GCZ,Grasshopper Club Zurich
SOCCER-US,ATG,Antigua GFC
SOCCER-US,NYRB,NY Red Bulls
SOCCER-US,ALI,Alianza FC
SOCCER-US,NYRB,NY Red Bulls
SOCCER-US,PUM,Unam Pumas
SOCCER-US,SAP,Deportivo Saprissa
SOCCER-US,DAL,FC Dallas
SOCCER-US,AUN,CD Arabe Unido
SOCCER-US,TIG,UANL Tigres
SOCCER-US,PAC,CF Pachuca
SOCCER-US,VAN,Vancouver Whitecaps FC
SOCCER-US,SKC,Sporting Kansas City
SOCCER-US,VAN,Vancouver Whitecaps FC
SOCCER-US,CEN,Central FC
SOCCER-US,MTY,CF Monterrey
SOCCER-US,DBO,Don Bosco
SOCCER-US,AUN,CD Arabe Unido
SOCCER-US,WCO,W Connection FC
SOCCER-US,HON,CD Honduras Progreso
SOCCER-US,PUM,Unam Pumas
SOCCER-US,SAP,Deportivo Saprissa
SOCCER-US,POR,Portland Timbers
SOCCER-US,DGN,CD Dragon
SOCCER-US,PAC,CF Pachuca
SOCCER-US,POU,Police United
SOCCER-US,OLI,CD Olimpia
SOCCER-US,HER,CS Herediano
SOCCER-US,PLA,Plaza Amador
SOCCER-US,TIG,UANL Tigres
SOCCER-US,SUC,CD Suchitepequez
SOCCER-US,EST,Real Esteli
SOCCER-US,DAL,FC Dallas
SOCCER-US,TIG,UANL Tigres
SOCCER-US,RSL,Jaguares de Chiapas
SOCCER-US,LEN,Leon
SOCCER-US,CAZ,Cruz Azul
SOCCER-US,TIJ,Club Tijuana
SOCCER-US,QRO,Gallos Blancos Queretaro
SOCCER-US,AME,America de Mexico
SOCCER-US,MTY,CF Monterrey
SOCCER-US,PUM,Unam Pumas
SOCCER-US,GDC,Guadalajara Chivas
SOCCER-US,PAC,CF Pachuca
SOCCER-US,SNT,Santos Laguna
SOCCER-US,VER,Tiburones Rojos de Veracruz
SOCCER-US,PUE,FC Puebla
SOCCER-US,MOR,Monarcas Morelia
SOCCER-US,NCX,Necaxa
SOCCER-US,ATS,Atlas
SOCCER-US,TOL,Deportivo Toluca
SOCCER-US,PAC,CF Pachuca
SOCCER-US,LEN,Leon
SOCCER-US,TIJ,Club Tijuana
SOCCER-US,NCX,Necaxa
SOCCER-US,GDC,Guadalajara Chivas
SOCCER-US,PUM,Unam Pumas
SOCCER-US,TIG,UANL Tigres
SOCCER-US,AME,America de Mexico
SOCCER-US,TIG,UANL Tigres
SOCCER-US,VER,Tiburones Rojos de Veracruz
SOCCER-US,QRO,Gallos Blancos Queretaro
SOCCER-US,NCX,Necaxa
SOCCER-US,PUE,FC Puebla
SOCCER-US,MOR,Monarcas Morelia
SOCCER-US,LEN,Leon
SOCCER-US,CAZ,Cruz Azul
SOCCER-US,PUM,Unam Pumas
SOCCER-US,GDC,Guadalajara Chivas
SOCCER-US,TOL,Deportivo Toluca
SOCCER-US,TIJ,Club Tijuana
SOCCER-US,SNT,Santos Laguna
SOCCER-US,PAC,CF Pachuca
SOCCER-US,MTY,CF Monterrey
SOCCER-US,ATS,Atlas
SOCCER-US,RSL,Jaguares de Chiapas
SOCCER-US,AME,America de Mexico
SOCCER-US,HOU,Houston Dynamo
SOCCER-US,COC,Columbus Crew
SOCCER-US,OSC,Orlando City SC
SOCCER-US,SKC,Sporting Kansas City
SOCCER-US,MON,Montreal Impact
SOCCER-US,LAG,LA Galaxy
SOCCER-US,SAL,Real Salt Lake
SOCCER-US,DCU,DC United
SOCCER-US,CHI,Chicago Fire
SOCCER-US,VAN,Vancouver Whitecaps FC
SOCCER-US,SEA,Seattle Sounders
SOCCER-US,TOR,Toronto FC
SOCCER-US,SJE,San Jose Earthquakes
SOCCER-US,NYRB,NY Red Bulls
SOCCER-US,DAL,FC Dallas
SOCCER-US,COL,Colorado Rapids
SOCCER-US,NYC,New York City FC
SOCCER-US,NEE,New England Revolution
SOCCER-US,POR,Portland Timbers
SOCCER-US,PHI,Philadelphia Union
SOCCER-US,PHI,Philadelphia Union
SOCCER-US,DCU,DC United
SOCCER-US,SAL,Real Salt Lake
SOCCER-US,TOR,Toronto FC
SOCCER-US,SEA,Seattle Sounders
SOCCER-US,LAG,LA Galaxy
SOCCER-US,MON,Montreal Impact
SOCCER-US,DAL,FC Dallas
SOCCER-US,NYRB,NY Red Bulls
SOCCER-US,COL,Colorado Rapids
SOCCER-US,NYC,New York City FC
SOCCER-US,SKC,Sporting Kansas City
SOCCER-US,KSC,FC Kansas City
SOCCER-US,WSP,Washington Spirit
SOCCER-US,HDA,Houston Dash
SOCCER-US,BOS,Boston Breakers
SOCCER-US,PTH,Portland Thorns FC
SOCCER-US,SRG,Seattle Reign FC
SOCCER-US,NYF,Western New York Flash
SOCCER-US,CHI,Chicago Red Stars
SOCCER-US,SKY,Sky Blue FC
SOCCER-US,OPR,Orlando Pride
SOCCER-US,WSP,Washington Spirit
SOCCER-US,NYF,Western New York Flash
SOCCER-US,PTH,Portland Thorns FC
SOCCER-US,CHI,Chicago Red Stars
SOCCER-US,YRS,Region Shooters
SOCCER-US,HAC,Hamilton City SC
SOCCER-US,SER,Serbian White Eagles
SOCCER-US,FC ,FC Ukraine United
SOCCER-US,MIL,Milton SC
SOCCER-US,SCA,Scarborough SC
SOCCER-US,BRG,Brantford Galaxy SC
SOCCER-US,SER,Serbian White Eagles
SOCCER-US,ATO,Toronto Atomic FC
SOCCER-US,FC ,FC Ukraine United
SOCCER-US,HAC,Hamilton City SC
SOCCER-US,YRS,Region Shooters
SOCCER-US,CRC,Costa Rica
SOCCER-US,CUB,Cuba
SOCCER-US,TRI,Trinidad and Tobago
SOCCER-US,MEX,Mexico
SOCCER-US,HAI,Haiti
SOCCER-US,JAM,Jamaica
SOCCER-US,PAN,Panama
SOCCER-US,USA,USA
SOCCER-US,MEX,Mexico
SOCCER-US,GUA,Guatemala
SOCCER-US,TRI,Trinidad and Tobago
SOCCER-US,CUB,Cuba
SOCCER-US,USA,USA
SOCCER-US,HON,Honduras
SOCCER-US,HAI,Haiti
SOCCER-US,PAN,Panama
SOCCER-US,CAN,Canada
SOCCER-US,JAM,Jamaica
SOCCER-US,CRC,Costa Rica
SOCCER-US,ESA,El Salvador
SOCCER-US,USA,USA
SOCCER-US,MEX,Mexico
